0 verbose cli /usr/local/bin/node /usr/local/bin/npm
1 info using npm@11.6.2
2 info using node@v25.3.0
3 silly config load:file:/usr/local/lib/node_modules/npm/npmrc
4 silly config load:file:/Users/shanjaay/OnlineMovieDownloaderMP4/.npmrc
5 silly config load:file:/Users/shanjaay/.npmrc
6 silly config load:file:/usr/local/etc/npmrc
7 verbose title npm install youtube-dl-exec lucide-react clsx tailwind-merge
8 verbose argv "install" "youtube-dl-exec" "lucide-react" "clsx" "tailwind-merge"
9 verbose logfile logs-max:10 dir:/Users/shanjaay/OnlineMovieDownloaderMP4/.npm-cache/_logs/2026-02-18T10_54_15_443Z-
10 verbose logfile /Users/shanjaay/OnlineMovieDownloaderMP4/.npm-cache/_logs/2026-02-18T10_54_15_443Z-debug-0.log
11 silly logfile done cleaning log files
12 silly packumentCache heap:4496293888 maxSize:1124073472 maxEntrySize:562036736
13 verbose shrinkwrap failed to load node_modules/.package-lock.json EPERM: operation not permitted, stat '/Users/shanjaay/OnlineMovieDownloaderMP4/node_modules'
14 silly idealTree buildDeps
15 silly fetch manifest youtube-dl-exec@*
16 silly packumentCache full:https://registry.npmjs.org/youtube-dl-exec cache-miss
17 http fetch GET 200 https://registry.npmjs.org/youtube-dl-exec 1094ms (cache miss)
18 silly packumentCache full:https://registry.npmjs.org/youtube-dl-exec set size:undefined disposed:false
19 silly fetch manifest lucide-react@*
20 silly packumentCache full:https://registry.npmjs.org/lucide-react cache-miss
21 http fetch GET 200 https://registry.npmjs.org/npm 1489ms
22 http fetch GET 200 https://registry.npmjs.org/lucide-react 693ms (cache miss)
23 silly packumentCache full:https://registry.npmjs.org/lucide-react set size:undefined disposed:false
24 silly fetch manifest react@19.2.3
25 silly packumentCache full:https://registry.npmjs.org/react cache-miss
26 http fetch GET 200 https://registry.npmjs.org/react 1799ms (cache miss)
27 silly packumentCache full:https://registry.npmjs.org/react set size:undefined disposed:false
28 silly fetch manifest clsx@*
29 silly packumentCache full:https://registry.npmjs.org/clsx cache-miss
30 http fetch GET 200 https://registry.npmjs.org/clsx 160ms (cache miss)
31 silly packumentCache full:https://registry.npmjs.org/clsx set size:undefined disposed:false
32 silly fetch manifest tailwind-merge@*
33 silly packumentCache full:https://registry.npmjs.org/tailwind-merge cache-miss
34 http fetch GET 200 https://registry.npmjs.org/tailwind-merge 263ms (cache miss)
35 silly packumentCache full:https://registry.npmjs.org/tailwind-merge set size:undefined disposed:false
36 silly placeDep ROOT clsx@2.1.1 OK for: online-movie-downloader@0.1.0 want: *
37 silly placeDep ROOT lucide-react@0.574.0 OK for: online-movie-downloader@0.1.0 want: *
38 silly placeDep ROOT tailwind-merge@3.4.1 OK for: online-movie-downloader@0.1.0 want: *
39 silly placeDep ROOT youtube-dl-exec@3.1.1 OK for: online-movie-downloader@0.1.0 want: *
40 silly fetch manifest binary-version-check@~6.1.0
41 silly packumentCache full:https://registry.npmjs.org/binary-version-check cache-miss
42 silly fetch manifest dargs@~7.0.0
43 silly packumentCache full:https://registry.npmjs.org/dargs cache-miss
44 silly fetch manifest debug-logfmt@~1.4.0
45 silly packumentCache full:https://registry.npmjs.org/debug-logfmt cache-miss
46 silly fetch manifest is-unix@~2.0.10
47 silly packumentCache full:https://registry.npmjs.org/is-unix cache-miss
48 silly fetch manifest tinyspawn@~1.5.0
49 silly packumentCache full:https://registry.npmjs.org/tinyspawn cache-miss
50 http fetch GET 200 https://registry.npmjs.org/dargs 362ms (cache miss)
51 silly packumentCache full:https://registry.npmjs.org/dargs set size:undefined disposed:false
52 http fetch GET 200 https://registry.npmjs.org/binary-version-check 363ms (cache miss)
53 silly packumentCache full:https://registry.npmjs.org/binary-version-check set size:undefined disposed:false
54 http fetch GET 200 https://registry.npmjs.org/debug-logfmt 728ms (cache miss)
55 silly packumentCache full:https://registry.npmjs.org/debug-logfmt set size:undefined disposed:false
56 http fetch GET 200 https://registry.npmjs.org/tinyspawn 937ms (cache miss)
57 silly packumentCache full:https://registry.npmjs.org/tinyspawn set size:undefined disposed:false
58 http fetch GET 200 https://registry.npmjs.org/is-unix 1338ms (cache miss)
59 silly packumentCache full:https://registry.npmjs.org/is-unix set size:undefined disposed:false
60 silly placeDep ROOT binary-version-check@6.1.0 OK for: youtube-dl-exec@3.1.1 want: ~6.1.0
61 silly placeDep ROOT dargs@7.0.0 OK for: youtube-dl-exec@3.1.1 want: ~7.0.0
62 silly placeDep ROOT debug-logfmt@1.4.7 OK for: youtube-dl-exec@3.1.1 want: ~1.4.0
63 silly placeDep ROOT is-unix@2.0.14 OK for: youtube-dl-exec@3.1.1 want: ~2.0.10
64 silly placeDep ROOT tinyspawn@1.5.5 OK for: youtube-dl-exec@3.1.1 want: ~1.5.0
65 silly fetch manifest binary-version@^7.1.0
66 silly packumentCache full:https://registry.npmjs.org/binary-version cache-miss
67 silly fetch manifest semver@^7.6.0
68 silly packumentCache full:https://registry.npmjs.org/semver cache-miss
69 silly fetch manifest semver-truncate@^3.0.0
70 silly packumentCache full:https://registry.npmjs.org/semver-truncate cache-miss
71 silly fetch manifest @kikobeats/time-span@~1.0.5
72 silly packumentCache full:https://registry.npmjs.org/@kikobeats%2ftime-span cache-miss
73 silly fetch manifest null-prototype-object@~1.2.2
74 silly packumentCache full:https://registry.npmjs.org/null-prototype-object cache-miss
75 silly fetch manifest pretty-ms@~7.0.1
76 silly packumentCache full:https://registry.npmjs.org/pretty-ms cache-miss
77 http fetch GET 200 https://registry.npmjs.org/semver-truncate 313ms (cache miss)
78 silly packumentCache full:https://registry.npmjs.org/semver-truncate set size:undefined disposed:false
79 http fetch GET 200 https://registry.npmjs.org/binary-version 315ms (cache miss)
80 silly packumentCache full:https://registry.npmjs.org/binary-version set size:undefined disposed:false
81 http fetch GET 200 https://registry.npmjs.org/null-prototype-object 342ms (cache miss)
82 silly packumentCache full:https://registry.npmjs.org/null-prototype-object set size:undefined disposed:false
83 http fetch GET 200 https://registry.npmjs.org/semver 397ms (cache miss)
84 silly packumentCache full:https://registry.npmjs.org/semver set size:undefined disposed:false
85 http fetch GET 200 https://registry.npmjs.org/pretty-ms 613ms (cache miss)
86 silly packumentCache full:https://registry.npmjs.org/pretty-ms set size:undefined disposed:false
87 http fetch GET 200 https://registry.npmjs.org/@kikobeats%2ftime-span 1261ms (cache miss)
88 silly packumentCache full:https://registry.npmjs.org/@kikobeats%2ftime-span set size:undefined disposed:false
89 silly placeDep ROOT binary-version@7.1.0 OK for: binary-version-check@6.1.0 want: ^7.1.0
90 silly placeDep node_modules/binary-version-check semver@7.7.4 OK for: binary-version-check@6.1.0 want: ^7.6.0
91 silly placeDep ROOT semver-truncate@3.0.0 OK for: binary-version-check@6.1.0 want: ^3.0.0
92 silly fetch manifest execa@^8.0.1
93 silly packumentCache full:https://registry.npmjs.org/execa cache-miss
94 silly fetch manifest find-versions@^6.0.0
95 silly packumentCache full:https://registry.npmjs.org/find-versions cache-miss
96 silly fetch manifest semver@^7.3.5
97 silly packumentCache full:https://registry.npmjs.org/semver cache-miss
98 http cache https://registry.npmjs.org/semver 8ms (cache hit)
99 silly packumentCache full:https://registry.npmjs.org/semver set size:229678 disposed:false
100 http fetch GET 200 https://registry.npmjs.org/execa 155ms (cache miss)
101 silly packumentCache full:https://registry.npmjs.org/execa set size:undefined disposed:false
102 http fetch GET 200 https://registry.npmjs.org/find-versions 320ms (cache miss)
103 silly packumentCache full:https://registry.npmjs.org/find-versions set size:undefined disposed:false
104 silly placeDep ROOT execa@8.0.1 OK for: binary-version@7.1.0 want: ^8.0.1
105 silly placeDep ROOT find-versions@6.0.0 OK for: binary-version@7.1.0 want: ^6.0.0
106 silly fetch manifest onetime@^6.0.0
107 silly packumentCache full:https://registry.npmjs.org/onetime cache-miss
108 silly fetch manifest is-stream@^3.0.0
109 silly packumentCache full:https://registry.npmjs.org/is-stream cache-miss
110 silly fetch manifest get-stream@^8.0.1
111 silly packumentCache full:https://registry.npmjs.org/get-stream cache-miss
112 silly fetch manifest signal-exit@^4.1.0
113 silly packumentCache full:https://registry.npmjs.org/signal-exit cache-miss
114 silly fetch manifest merge-stream@^2.0.0
115 silly packumentCache full:https://registry.npmjs.org/merge-stream cache-miss
116 silly fetch manifest npm-run-path@^5.1.0
117 silly packumentCache full:https://registry.npmjs.org/npm-run-path cache-miss
118 silly fetch manifest human-signals@^5.0.0
119 silly packumentCache full:https://registry.npmjs.org/human-signals cache-miss
120 silly fetch manifest strip-final-newline@^3.0.0
121 silly packumentCache full:https://registry.npmjs.org/strip-final-newline cache-miss
122 silly fetch manifest semver-regex@^4.0.5
123 silly packumentCache full:https://registry.npmjs.org/semver-regex cache-miss
124 http fetch GET 200 https://registry.npmjs.org/is-stream 126ms (cache miss)
125 silly packumentCache full:https://registry.npmjs.org/is-stream set size:undefined disposed:false
126 silly fetch manifest super-regex@^1.0.0
127 silly packumentCache full:https://registry.npmjs.org/super-regex cache-miss
128 http fetch GET 200 https://registry.npmjs.org/merge-stream 134ms (cache miss)
129 silly packumentCache full:https://registry.npmjs.org/merge-stream set size:undefined disposed:false
130 http fetch GET 200 https://registry.npmjs.org/signal-exit 142ms (cache miss)
131 silly packumentCache full:https://registry.npmjs.org/signal-exit set size:undefined disposed:false
132 http fetch GET 200 https://registry.npmjs.org/onetime 144ms (cache miss)
133 silly packumentCache full:https://registry.npmjs.org/onetime set size:undefined disposed:false
134 http fetch GET 200 https://registry.npmjs.org/get-stream 159ms (cache miss)
135 silly packumentCache full:https://registry.npmjs.org/get-stream set size:undefined disposed:false
136 http fetch GET 200 https://registry.npmjs.org/npm-run-path 355ms (cache miss)
137 silly packumentCache full:https://registry.npmjs.org/npm-run-path set size:undefined disposed:false
138 http fetch GET 200 https://registry.npmjs.org/human-signals 391ms (cache miss)
139 silly packumentCache full:https://registry.npmjs.org/human-signals set size:undefined disposed:false
140 http fetch GET 200 https://registry.npmjs.org/strip-final-newline 392ms (cache miss)
141 silly packumentCache full:https://registry.npmjs.org/strip-final-newline set size:undefined disposed:false
142 http fetch GET 200 https://registry.npmjs.org/super-regex 340ms (cache miss)
143 silly packumentCache full:https://registry.npmjs.org/super-regex set size:undefined disposed:false
144 http fetch GET 200 https://registry.npmjs.org/semver-regex 604ms (cache miss)
145 silly packumentCache full:https://registry.npmjs.org/semver-regex set size:undefined disposed:false
146 silly placeDep ROOT @kikobeats/time-span@1.0.11 OK for: debug-logfmt@1.4.7 want: ~1.0.5
147 silly placeDep ROOT null-prototype-object@1.2.5 OK for: debug-logfmt@1.4.7 want: ~1.2.2
148 silly placeDep ROOT pretty-ms@7.0.1 OK for: debug-logfmt@1.4.7 want: ~7.0.1
149 silly fetch manifest parse-ms@^2.1.0
150 silly packumentCache full:https://registry.npmjs.org/parse-ms cache-miss
151 http fetch GET 200 https://registry.npmjs.org/parse-ms 448ms (cache miss)
152 silly packumentCache full:https://registry.npmjs.org/parse-ms set size:undefined disposed:false
153 silly placeDep ROOT get-stream@8.0.1 OK for: execa@8.0.1 want: ^8.0.1
154 silly placeDep ROOT human-signals@5.0.0 OK for: execa@8.0.1 want: ^5.0.0
155 silly placeDep ROOT is-stream@3.0.0 OK for: execa@8.0.1 want: ^3.0.0
156 silly placeDep ROOT merge-stream@2.0.0 OK for: execa@8.0.1 want: ^2.0.0
157 silly placeDep ROOT npm-run-path@5.3.0 OK for: execa@8.0.1 want: ^5.1.0
158 silly placeDep ROOT onetime@6.0.0 OK for: execa@8.0.1 want: ^6.0.0
159 silly placeDep ROOT signal-exit@4.1.0 OK for: execa@8.0.1 want: ^4.1.0
160 silly placeDep ROOT strip-final-newline@3.0.0 OK for: execa@8.0.1 want: ^3.0.0
161 silly fetch manifest path-key@^4.0.0
162 silly packumentCache full:https://registry.npmjs.org/path-key cache-miss
163 silly fetch manifest mimic-fn@^4.0.0
164 silly packumentCache full:https://registry.npmjs.org/mimic-fn cache-miss
165 http fetch GET 200 https://registry.npmjs.org/path-key 153ms (cache miss)
166 silly packumentCache full:https://registry.npmjs.org/path-key set size:undefined disposed:false
167 http fetch GET 200 https://registry.npmjs.org/mimic-fn 176ms (cache miss)
168 silly packumentCache full:https://registry.npmjs.org/mimic-fn set size:undefined disposed:false
169 silly placeDep ROOT semver-regex@4.0.5 OK for: find-versions@6.0.0 want: ^4.0.5
170 silly placeDep ROOT super-regex@1.1.0 OK for: find-versions@6.0.0 want: ^1.0.0
171 silly fetch manifest function-timeout@^1.0.1
172 silly packumentCache full:https://registry.npmjs.org/function-timeout cache-miss
173 silly fetch manifest make-asynchronous@^1.0.1
174 silly packumentCache full:https://registry.npmjs.org/make-asynchronous cache-miss
175 silly fetch manifest time-span@^5.1.0
176 silly packumentCache full:https://registry.npmjs.org/time-span cache-miss
177 http fetch GET 200 https://registry.npmjs.org/time-span 322ms (cache miss)
178 silly packumentCache full:https://registry.npmjs.org/time-span set size:undefined disposed:false
179 http fetch GET 200 https://registry.npmjs.org/make-asynchronous 326ms (cache miss)
180 silly packumentCache full:https://registry.npmjs.org/make-asynchronous set size:undefined disposed:false
181 http fetch GET 200 https://registry.npmjs.org/function-timeout 722ms (cache miss)
182 silly packumentCache full:https://registry.npmjs.org/function-timeout set size:undefined disposed:false
183 silly placeDep node_modules/npm-run-path path-key@4.0.0 OK for: npm-run-path@5.3.0 want: ^4.0.0
184 silly placeDep ROOT mimic-fn@4.0.0 OK for: onetime@6.0.0 want: ^4.0.0
185 silly placeDep ROOT parse-ms@2.1.0 OK for: pretty-ms@7.0.1 want: ^2.1.0
186 silly placeDep node_modules/semver-truncate semver@7.7.4 OK for: semver-truncate@3.0.0 want: ^7.3.5
187 silly placeDep ROOT function-timeout@1.0.2 OK for: super-regex@1.1.0 want: ^1.0.1
188 silly placeDep ROOT make-asynchronous@1.0.1 OK for: super-regex@1.1.0 want: ^1.0.1
189 silly placeDep ROOT time-span@5.1.0 OK for: super-regex@1.1.0 want: ^5.1.0
190 silly fetch manifest p-event@^6.0.0
191 silly packumentCache full:https://registry.npmjs.org/p-event cache-miss
192 silly fetch manifest type-fest@^4.6.0
193 silly packumentCache full:https://registry.npmjs.org/type-fest cache-miss
194 silly fetch manifest web-worker@1.2.0
195 silly packumentCache full:https://registry.npmjs.org/web-worker cache-miss
196 silly fetch manifest convert-hrtime@^5.0.0
197 silly packumentCache full:https://registry.npmjs.org/convert-hrtime cache-miss
198 http fetch GET 200 https://registry.npmjs.org/type-fest 290ms (cache miss)
199 silly packumentCache full:https://registry.npmjs.org/type-fest set size:undefined disposed:false
200 http fetch GET 200 https://registry.npmjs.org/p-event 320ms (cache miss)
201 silly packumentCache full:https://registry.npmjs.org/p-event set size:undefined disposed:false
202 http fetch GET 200 https://registry.npmjs.org/web-worker 367ms (cache miss)
203 silly packumentCache full:https://registry.npmjs.org/web-worker set size:undefined disposed:false
204 http fetch GET 200 https://registry.npmjs.org/convert-hrtime 389ms (cache miss)
205 silly packumentCache full:https://registry.npmjs.org/convert-hrtime set size:undefined disposed:false
206 silly placeDep ROOT p-event@6.0.1 OK for: make-asynchronous@1.0.1 want: ^6.0.0
207 silly placeDep ROOT type-fest@4.41.0 OK for: make-asynchronous@1.0.1 want: ^4.6.0
208 silly placeDep ROOT web-worker@1.2.0 OK for: make-asynchronous@1.0.1 want: 1.2.0
209 silly fetch manifest p-timeout@^6.1.2
210 silly packumentCache full:https://registry.npmjs.org/p-timeout cache-miss
211 http fetch GET 200 https://registry.npmjs.org/p-timeout 357ms (cache miss)
212 silly packumentCache full:https://registry.npmjs.org/p-timeout set size:undefined disposed:false
213 silly placeDep ROOT p-timeout@6.1.4 OK for: p-event@6.0.1 want: ^6.1.2
214 silly placeDep ROOT convert-hrtime@5.0.0 OK for: time-span@5.1.0 want: ^5.0.0
215 silly reify moves {}
216 silly audit bulk request {
216 silly audit   '@alloc/quick-lru': [ '5.2.0' ],
216 silly audit   '@babel/code-frame': [ '7.29.0' ],
216 silly audit   '@babel/compat-data': [ '7.29.0' ],
216 silly audit   '@babel/core': [ '7.29.0' ],
216 silly audit   '@babel/generator': [ '7.29.1' ],
216 silly audit   '@babel/helper-compilation-targets': [ '7.28.6' ],
216 silly audit   '@babel/helper-globals': [ '7.28.0' ],
216 silly audit   '@babel/helper-module-imports': [ '7.28.6' ],
216 silly audit   '@babel/helper-module-transforms': [ '7.28.6' ],
216 silly audit   '@babel/helper-string-parser': [ '7.27.1' ],
216 silly audit   '@babel/helper-validator-identifier': [ '7.28.5' ],
216 silly audit   '@babel/helper-validator-option': [ '7.27.1' ],
216 silly audit   '@babel/helpers': [ '7.28.6' ],
216 silly audit   '@babel/parser': [ '7.29.0' ],
216 silly audit   '@babel/template': [ '7.28.6' ],
216 silly audit   '@babel/traverse': [ '7.29.0' ],
216 silly audit   '@babel/types': [ '7.29.0' ],
216 silly audit   '@emnapi/core': [ '1.8.1' ],
216 silly audit   '@emnapi/runtime': [ '1.8.1' ],
216 silly audit   '@emnapi/wasi-threads': [ '1.1.0' ],
216 silly audit   '@eslint-community/eslint-utils': [ '4.9.1' ],
216 silly audit   'eslint-visitor-keys': [ '3.4.3', '5.0.0', '4.2.1' ],
216 silly audit   '@eslint-community/regexpp': [ '4.12.2' ],
216 silly audit   '@eslint/config-array': [ '0.21.1' ],
216 silly audit   '@eslint/config-helpers': [ '0.4.2' ],
216 silly audit   '@eslint/core': [ '0.17.0' ],
216 silly audit   '@eslint/eslintrc': [ '3.3.3' ],
216 silly audit   '@eslint/js': [ '9.39.2' ],
216 silly audit   '@eslint/object-schema': [ '2.1.7' ],
216 silly audit   '@eslint/plugin-kit': [ '0.4.1' ],
216 silly audit   '@humanfs/core': [ '0.19.1' ],
216 silly audit   '@humanfs/node': [ '0.16.7' ],
216 silly audit   '@humanwhocodes/module-importer': [ '1.0.1' ],
216 silly audit   '@humanwhocodes/retry': [ '0.4.3' ],
216 silly audit   '@img/colour': [ '1.0.0' ],
216 silly audit   '@img/sharp-darwin-arm64': [ '0.34.5' ],
216 silly audit   '@img/sharp-darwin-x64': [ '0.34.5' ],
216 silly audit   '@img/sharp-libvips-darwin-arm64': [ '1.2.4' ],
216 silly audit   '@img/sharp-libvips-darwin-x64': [ '1.2.4' ],
216 silly audit   '@img/sharp-libvips-linux-arm': [ '1.2.4' ],
216 silly audit   '@img/sharp-libvips-linux-arm64': [ '1.2.4' ],
216 silly audit   '@img/sharp-libvips-linux-ppc64': [ '1.2.4' ],
216 silly audit   '@img/sharp-libvips-linux-riscv64': [ '1.2.4' ],
216 silly audit   '@img/sharp-libvips-linux-s390x': [ '1.2.4' ],
216 silly audit   '@img/sharp-libvips-linux-x64': [ '1.2.4' ],
216 silly audit   '@img/sharp-libvips-linuxmusl-arm64': [ '1.2.4' ],
216 silly audit   '@img/sharp-libvips-linuxmusl-x64': [ '1.2.4' ],
216 silly audit   '@img/sharp-linux-arm': [ '0.34.5' ],
216 silly audit   '@img/sharp-linux-arm64': [ '0.34.5' ],
216 silly audit   '@img/sharp-linux-ppc64': [ '0.34.5' ],
216 silly audit   '@img/sharp-linux-riscv64': [ '0.34.5' ],
216 silly audit   '@img/sharp-linux-s390x': [ '0.34.5' ],
216 silly audit   '@img/sharp-linux-x64': [ '0.34.5' ],
216 silly audit   '@img/sharp-linuxmusl-arm64': [ '0.34.5' ],
216 silly audit   '@img/sharp-linuxmusl-x64': [ '0.34.5' ],
216 silly audit   '@img/sharp-wasm32': [ '0.34.5' ],
216 silly audit   '@img/sharp-win32-arm64': [ '0.34.5' ],
216 silly audit   '@img/sharp-win32-ia32': [ '0.34.5' ],
216 silly audit   '@img/sharp-win32-x64': [ '0.34.5' ],
216 silly audit   '@jridgewell/gen-mapping': [ '0.3.13' ],
216 silly audit   '@jridgewell/remapping': [ '2.3.5' ],
216 silly audit   '@jridgewell/resolve-uri': [ '3.1.2' ],
216 silly audit   '@jridgewell/sourcemap-codec': [ '1.5.5' ],
216 silly audit   '@jridgewell/trace-mapping': [ '0.3.31' ],
216 silly audit   '@napi-rs/wasm-runtime': [ '0.2.12' ],
216 silly audit   '@next/env': [ '16.1.6' ],
216 silly audit   '@next/eslint-plugin-next': [ '16.1.6' ],
216 silly audit   '@next/swc-darwin-arm64': [ '16.1.6' ],
216 silly audit   '@next/swc-darwin-x64': [ '16.1.6' ],
216 silly audit   '@next/swc-linux-arm64-gnu': [ '16.1.6' ],
216 silly audit   '@next/swc-linux-arm64-musl': [ '16.1.6' ],
216 silly audit   '@next/swc-linux-x64-gnu': [ '16.1.6' ],
216 silly audit   '@next/swc-linux-x64-musl': [ '16.1.6' ],
216 silly audit   '@next/swc-win32-arm64-msvc': [ '16.1.6' ],
216 silly audit   '@next/swc-win32-x64-msvc': [ '16.1.6' ],
216 silly audit   '@nodelib/fs.scandir': [ '2.1.5' ],
216 silly audit   '@nodelib/fs.stat': [ '2.0.5' ],
216 silly audit   '@nodelib/fs.walk': [ '1.2.8' ],
216 silly audit   '@nolyfill/is-core-module': [ '1.0.39' ],
216 silly audit   '@rtsao/scc': [ '1.1.0' ],
216 silly audit   '@swc/helpers': [ '0.5.15' ],
216 silly audit   '@tailwindcss/node': [ '4.1.18' ],
216 silly audit   '@tailwindcss/oxide': [ '4.1.18' ],
216 silly audit   '@tailwindcss/oxide-android-arm64': [ '4.1.18' ],
216 silly audit   '@tailwindcss/oxide-darwin-arm64': [ '4.1.18' ],
216 silly audit   '@tailwindcss/oxide-darwin-x64': [ '4.1.18' ],
216 silly audit   '@tailwindcss/oxide-freebsd-x64': [ '4.1.18' ],
216 silly audit   '@tailwindcss/oxide-linux-arm-gnueabihf': [ '4.1.18' ],
216 silly audit   '@tailwindcss/oxide-linux-arm64-gnu': [ '4.1.18' ],
216 silly audit   '@tailwindcss/oxide-linux-arm64-musl': [ '4.1.18' ],
216 silly audit   '@tailwindcss/oxide-linux-x64-gnu': [ '4.1.18' ],
216 silly audit   '@tailwindcss/oxide-linux-x64-musl': [ '4.1.18' ],
216 silly audit   '@tailwindcss/oxide-wasm32-wasi': [ '4.1.18' ],
216 silly audit   '@tailwindcss/oxide-win32-arm64-msvc': [ '4.1.18' ],
216 silly audit   '@tailwindcss/oxide-win32-x64-msvc': [ '4.1.18' ],
216 silly audit   '@tailwindcss/postcss': [ '4.1.18' ],
216 silly audit   '@tybys/wasm-util': [ '0.10.1' ],
216 silly audit   '@types/estree': [ '1.0.8' ],
216 silly audit   '@types/json-schema': [ '7.0.15' ],
216 silly audit   '@types/json5': [ '0.0.29' ],
216 silly audit   '@types/node': [ '20.19.33' ],
216 silly audit   '@types/react': [ '19.2.14' ],
216 silly audit   '@types/react-dom': [ '19.2.3' ],
216 silly audit   '@typescript-eslint/eslint-plugin': [ '8.56.0' ],
216 silly audit   ignore: [ '7.0.5', '5.3.2' ],
216 silly audit   '@typescript-eslint/parser': [ '8.56.0' ],
216 silly audit   '@typescript-eslint/project-service': [ '8.56.0' ],
216 silly audit   '@typescript-eslint/scope-manager': [ '8.56.0' ],
216 silly audit   '@typescript-eslint/tsconfig-utils': [ '8.56.0' ],
216 silly audit   '@typescript-eslint/type-utils': [ '8.56.0' ],
216 silly audit   '@typescript-eslint/types': [ '8.56.0' ],
216 silly audit   '@typescript-eslint/typescript-estree': [ '8.56.0' ],
216 silly audit   'brace-expansion': [ '2.0.2', '1.1.12' ],
216 silly audit   minimatch: [ '9.0.5', '3.1.2' ],
216 silly audit   semver: [ '7.7.4', '6.3.1' ],
216 silly audit   '@typescript-eslint/utils': [ '8.56.0' ],
216 silly audit   '@typescript-eslint/visitor-keys': [ '8.56.0' ],
216 silly audit   '@unrs/resolver-binding-android-arm-eabi': [ '1.11.1' ],
216 silly audit   '@unrs/resolver-binding-android-arm64': [ '1.11.1' ],
216 silly audit   '@unrs/resolver-binding-darwin-arm64': [ '1.11.1' ],
216 silly audit   '@unrs/resolver-binding-darwin-x64': [ '1.11.1' ],
216 silly audit   '@unrs/resolver-binding-freebsd-x64': [ '1.11.1' ],
216 silly audit   '@unrs/resolver-binding-linux-arm-gnueabihf': [ '1.11.1' ],
216 silly audit   '@unrs/resolver-binding-linux-arm-musleabihf': [ '1.11.1' ],
216 silly audit   '@unrs/resolver-binding-linux-arm64-gnu': [ '1.11.1' ],
216 silly audit   '@unrs/resolver-binding-linux-arm64-musl': [ '1.11.1' ],
216 silly audit   '@unrs/resolver-binding-linux-ppc64-gnu': [ '1.11.1' ],
216 silly audit   '@unrs/resolver-binding-linux-riscv64-gnu': [ '1.11.1' ],
216 silly audit   '@unrs/resolver-binding-linux-riscv64-musl': [ '1.11.1' ],
216 silly audit   '@unrs/resolver-binding-linux-s390x-gnu': [ '1.11.1' ],
216 silly audit   '@unrs/resolver-binding-linux-x64-gnu': [ '1.11.1' ],
216 silly audit   '@unrs/resolver-binding-linux-x64-musl': [ '1.11.1' ],
216 silly audit   '@unrs/resolver-binding-wasm32-wasi': [ '1.11.1' ],
216 silly audit   '@unrs/resolver-binding-win32-arm64-msvc': [ '1.11.1' ],
216 silly audit   '@unrs/resolver-binding-win32-ia32-msvc': [ '1.11.1' ],
216 silly audit   '@unrs/resolver-binding-win32-x64-msvc': [ '1.11.1' ],
216 silly audit   acorn: [ '8.15.0' ],
216 silly audit   'acorn-jsx': [ '5.3.2' ],
216 silly audit   ajv: [ '6.12.6' ],
216 silly audit   'ansi-styles': [ '4.3.0' ],
216 silly audit   argparse: [ '2.0.1' ],
216 silly audit   'aria-query': [ '5.3.2' ],
216 silly audit   'array-buffer-byte-length': [ '1.0.2' ],
216 silly audit   'array-includes': [ '3.1.9' ],
216 silly audit   'array.prototype.findlast': [ '1.2.5' ],
216 silly audit   'array.prototype.findlastindex': [ '1.2.6' ],
216 silly audit   'array.prototype.flat': [ '1.3.3' ],
216 silly audit   'array.prototype.flatmap': [ '1.3.3' ],
216 silly audit   'array.prototype.tosorted': [ '1.1.4' ],
216 silly audit   'arraybuffer.prototype.slice': [ '1.0.4' ],
216 silly audit   'ast-types-flow': [ '0.0.8' ],
216 silly audit   'async-function': [ '1.0.0' ],
216 silly audit   'available-typed-arrays': [ '1.0.7' ],
216 silly audit   'axe-core': [ '4.11.1' ],
216 silly audit   'axobject-query': [ '4.1.0' ],
216 silly audit   'balanced-match': [ '1.0.2' ],
216 silly audit   'baseline-browser-mapping': [ '2.9.19' ],
216 silly audit   braces: [ '3.0.3' ],
216 silly audit   browserslist: [ '4.28.1' ],
216 silly audit   'call-bind': [ '1.0.8' ],
216 silly audit   'call-bind-apply-helpers': [ '1.0.2' ],
216 silly audit   'call-bound': [ '1.0.4' ],
216 silly audit   callsites: [ '3.1.0' ],
216 silly audit   'caniuse-lite': [ '1.0.30001770' ],
216 silly audit   chalk: [ '4.1.2' ],
216 silly audit   'client-only': [ '0.0.1' ],
216 silly audit   'color-convert': [ '2.0.1' ],
216 silly audit   'color-name': [ '1.1.4' ],
216 silly audit   'concat-map': [ '0.0.1' ],
216 silly audit   'convert-source-map': [ '2.0.0' ],
216 silly audit   'cross-spawn': [ '7.0.6' ],
216 silly audit   csstype: [ '3.2.3' ],
216 silly audit   'damerau-levenshtein': [ '1.0.8' ],
216 silly audit   'data-view-buffer': [ '1.0.2' ],
216 silly audit   'data-view-byte-length': [ '1.0.2' ],
216 silly audit   'data-view-byte-offset': [ '1.0.1' ],
216 silly audit   debug: [ '4.4.3', '3.2.7' ],
216 silly audit   'deep-is': [ '0.1.4' ],
216 silly audit   'define-data-property': [ '1.1.4' ],
216 silly audit   'define-properties': [ '1.2.1' ],
216 silly audit   'detect-libc': [ '2.1.2' ],
216 silly audit   doctrine: [ '2.1.0' ],
216 silly audit   'dunder-proto': [ '1.0.1' ],
216 silly audit   'electron-to-chromium': [ '1.5.286' ],
216 silly audit   'emoji-regex': [ '9.2.2' ],
216 silly audit   'enhanced-resolve': [ '5.19.0' ],
216 silly audit   'es-abstract': [ '1.24.1' ],
216 silly audit   'es-define-property': [ '1.0.1' ],
216 silly audit   'es-errors': [ '1.3.0' ],
216 silly audit   'es-iterator-helpers': [ '1.2.2' ],
216 silly audit   'es-object-atoms': [ '1.1.1' ],
216 silly audit   'es-set-tostringtag': [ '2.1.0' ],
216 silly audit   'es-shim-unscopables': [ '1.1.0' ],
216 silly audit   'es-to-primitive': [ '1.3.0' ],
216 silly audit   escalade: [ '3.2.0' ],
216 silly audit   'escape-string-regexp': [ '4.0.0' ],
216 silly audit   eslint: [ '9.39.2' ],
216 silly audit   'eslint-config-next': [ '16.1.6' ],
216 silly audit   globals: [ '16.4.0', '14.0.0' ],
216 silly audit   'eslint-import-resolver-node': [ '0.3.9' ],
216 silly audit   'eslint-import-resolver-typescript': [ '3.10.1' ],
216 silly audit   'eslint-module-utils': [ '2.12.1' ],
216 silly audit   'eslint-plugin-import': [ '2.32.0' ],
216 silly audit   'eslint-plugin-jsx-a11y': [ '6.10.2' ],
216 silly audit   'eslint-plugin-react': [ '7.37.5' ],
216 silly audit   'eslint-plugin-react-hooks': [ '7.0.1' ],
216 silly audit   resolve: [ '2.0.0-next.6', '1.22.11' ],
216 silly audit   'eslint-scope': [ '8.4.0' ],
216 silly audit   espree: [ '10.4.0' ],
216 silly audit   esquery: [ '1.7.0' ],
216 silly audit   esrecurse: [ '4.3.0' ],
216 silly audit   estraverse: [ '5.3.0' ],
216 silly audit   esutils: [ '2.0.3' ],
216 silly audit   'fast-deep-equal': [ '3.1.3' ],
216 silly audit   'fast-glob': [ '3.3.1' ],
216 silly audit   'glob-parent': [ '5.1.2', '6.0.2' ],
216 silly audit   'fast-json-stable-stringify': [ '2.1.0' ],
216 silly audit   'fast-levenshtein': [ '2.0.6' ],
216 silly audit   fastq: [ '1.20.1' ],
216 silly audit   'file-entry-cache': [ '8.0.0' ],
216 silly audit   'fill-range': [ '7.1.1' ],
216 silly audit   'find-up': [ '5.0.0' ],
216 silly audit   'flat-cache': [ '4.0.1' ],
216 silly audit   flatted: [ '3.3.3' ],
216 silly audit   'for-each': [ '0.3.5' ],
216 silly audit   'function-bind': [ '1.1.2' ],
216 silly audit   'function.prototype.name': [ '1.1.8' ],
216 silly audit   'functions-have-names': [ '1.2.3' ],
216 silly audit   'generator-function': [ '2.0.1' ],
216 silly audit   gensync: [ '1.0.0-beta.2' ],
216 silly audit   'get-intrinsic': [ '1.3.0' ],
216 silly audit   'get-proto': [ '1.0.1' ],
216 silly audit   'get-symbol-description': [ '1.1.0' ],
216 silly audit   'get-tsconfig': [ '4.13.6' ],
216 silly audit   globalthis: [ '1.0.4' ],
216 silly audit   gopd: [ '1.2.0' ],
216 silly audit   'graceful-fs': [ '4.2.11' ],
216 silly audit   'has-bigints': [ '1.1.0' ],
216 silly audit   'has-flag': [ '4.0.0' ],
216 silly audit   'has-property-descriptors': [ '1.0.2' ],
216 silly audit   'has-proto': [ '1.2.0' ],
216 silly audit   'has-symbols': [ '1.1.0' ],
216 silly audit   'has-tostringtag': [ '1.0.2' ],
216 silly audit   hasown: [ '2.0.2' ],
216 silly audit   'hermes-estree': [ '0.25.1' ],
216 silly audit   'hermes-parser': [ '0.25.1' ],
216 silly audit   'import-fresh': [ '3.3.1' ],
216 silly audit   imurmurhash: [ '0.1.4' ],
216 silly audit   'internal-slot': [ '1.1.0' ],
216 silly audit   'is-array-buffer': [ '3.0.5' ],
216 silly audit   'is-async-function': [ '2.1.1' ],
216 silly audit   'is-bigint': [ '1.1.0' ],
216 silly audit   'is-boolean-object': [ '1.2.2' ],
216 silly audit   'is-bun-module': [ '2.0.0' ],
216 silly audit   'is-callable': [ '1.2.7' ],
216 silly audit   'is-core-module': [ '2.16.1' ],
216 silly audit   'is-data-view': [ '1.0.2' ],
216 silly audit   'is-date-object': [ '1.1.0' ],
216 silly audit   'is-extglob': [ '2.1.1' ],
216 silly audit   'is-finalizationregistry': [ '1.1.1' ],
216 silly audit   'is-generator-function': [ '1.1.2' ],
216 silly audit   'is-glob': [ '4.0.3' ],
216 silly audit   'is-map': [ '2.0.3' ],
216 silly audit   'is-negative-zero': [ '2.0.3' ],
216 silly audit   'is-number': [ '7.0.0' ],
216 silly audit   'is-number-object': [ '1.1.1' ],
216 silly audit   'is-regex': [ '1.2.1' ],
216 silly audit   'is-set': [ '2.0.3' ],
216 silly audit   'is-shared-array-buffer': [ '1.0.4' ],
216 silly audit   'is-string': [ '1.1.1' ],
216 silly audit   'is-symbol': [ '1.1.1' ],
216 silly audit   'is-typed-array': [ '1.1.15' ],
216 silly audit   'is-weakmap': [ '2.0.2' ],
216 silly audit   'is-weakref': [ '1.1.1' ],
216 silly audit   'is-weakset': [ '2.0.4' ],
216 silly audit   isarray: [ '2.0.5' ],
216 silly audit   isexe: [ '2.0.0' ],
216 silly audit   'iterator.prototype': [ '1.1.5' ],
216 silly audit   jiti: [ '2.6.1' ],
216 silly audit   'js-tokens': [ '4.0.0' ],
216 silly audit   'js-yaml': [ '4.1.1' ],
216 silly audit   jsesc: [ '3.1.0' ],
216 silly audit   'json-buffer': [ '3.0.1' ],
216 silly audit   'json-schema-traverse': [ '0.4.1' ],
216 silly audit   'json-stable-stringify-without-jsonify': [ '1.0.1' ],
216 silly audit   json5: [ '2.2.3', '1.0.2' ],
216 silly audit   'jsx-ast-utils': [ '3.3.5' ],
216 silly audit   keyv: [ '4.5.4' ],
216 silly audit   'language-subtag-registry': [ '0.3.23' ],
216 silly audit   'language-tags': [ '1.0.9' ],
216 silly audit   levn: [ '0.4.1' ],
216 silly audit   lightningcss: [ '1.30.2' ],
216 silly audit   'lightningcss-android-arm64': [ '1.30.2' ],
216 silly audit   'lightningcss-darwin-arm64': [ '1.30.2' ],
216 silly audit   'lightningcss-darwin-x64': [ '1.30.2' ],
216 silly audit   'lightningcss-freebsd-x64': [ '1.30.2' ],
216 silly audit   'lightningcss-linux-arm-gnueabihf': [ '1.30.2' ],
216 silly audit   'lightningcss-linux-arm64-gnu': [ '1.30.2' ],
216 silly audit   'lightningcss-linux-arm64-musl': [ '1.30.2' ],
216 silly audit   'lightningcss-linux-x64-gnu': [ '1.30.2' ],
216 silly audit   'lightningcss-linux-x64-musl': [ '1.30.2' ],
216 silly audit   'lightningcss-win32-arm64-msvc': [ '1.30.2' ],
216 silly audit   'lightningcss-win32-x64-msvc': [ '1.30.2' ],
216 silly audit   'locate-path': [ '6.0.0' ],
216 silly audit   'lodash.merge': [ '4.6.2' ],
216 silly audit   'loose-envify': [ '1.4.0' ],
216 silly audit   'lru-cache': [ '5.1.1' ],
216 silly audit   'magic-string': [ '0.30.21' ],
216 silly audit   'math-intrinsics': [ '1.1.0' ],
216 silly audit   merge2: [ '1.4.1' ],
216 silly audit   micromatch: [ '4.0.8' ],
216 silly audit   minimist: [ '1.2.8' ],
216 silly audit   ms: [ '2.1.3' ],
216 silly audit   nanoid: [ '3.3.11' ],
216 silly audit   'napi-postinstall': [ '0.3.4' ],
216 silly audit   'natural-compare': [ '1.4.0' ],
216 silly audit   next: [ '16.1.6' ],
216 silly audit   postcss: [ '8.4.31', '8.5.6' ],
216 silly audit   'node-exports-info': [ '1.6.0' ],
216 silly audit   'node-releases': [ '2.0.27' ],
216 silly audit   'object-assign': [ '4.1.1' ],
216 silly audit   'object-inspect': [ '1.13.4' ],
216 silly audit   'object-keys': [ '1.1.1' ],
216 silly audit   'object.assign': [ '4.1.7' ],
216 silly audit   'object.entries': [ '1.1.9' ],
216 silly audit   'object.fromentries': [ '2.0.8' ],
216 silly audit   'object.groupby': [ '1.0.3' ],
216 silly audit   'object.values': [ '1.2.1' ],
216 silly audit   optionator: [ '0.9.4' ],
216 silly audit   'own-keys': [ '1.0.1' ],
216 silly audit   'p-limit': [ '3.1.0' ],
216 silly audit   'p-locate': [ '5.0.0' ],
216 silly audit   'parent-module': [ '1.0.1' ],
216 silly audit   'path-exists': [ '4.0.0' ],
216 silly audit   'path-key': [ '3.1.1', '4.0.0' ],
216 silly audit   'path-parse': [ '1.0.7' ],
216 silly audit   picocolors: [ '1.1.1' ],
216 silly audit   picomatch: [ '2.3.1', '4.0.3' ],
216 silly audit   'possible-typed-array-names': [ '1.1.0' ],
216 silly audit   'prelude-ls': [ '1.2.1' ],
216 silly audit   'prop-types': [ '15.8.1' ],
216 silly audit   punycode: [ '2.3.1' ],
216 silly audit   'queue-microtask': [ '1.2.3' ],
216 silly audit   react: [ '19.2.3' ],
216 silly audit   'react-dom': [ '19.2.3' ],
216 silly audit   'react-is': [ '16.13.1' ],
216 silly audit   'reflect.getprototypeof': [ '1.0.10' ],
216 silly audit   'regexp.prototype.flags': [ '1.5.4' ],
216 silly audit   'resolve-from': [ '4.0.0' ],
216 silly audit   'resolve-pkg-maps': [ '1.0.0' ],
216 silly audit   reusify: [ '1.1.0' ],
216 silly audit   'run-parallel': [ '1.2.0' ],
216 silly audit   'safe-array-concat': [ '1.1.3' ],
216 silly audit   'safe-push-apply': [ '1.0.0' ],
216 silly audit   'safe-regex-test': [ '1.1.0' ],
216 silly audit   scheduler: [ '0.27.0' ],
216 silly audit   'set-function-length': [ '1.2.2' ],
216 silly audit   'set-function-name': [ '2.0.2' ],
216 silly audit   'set-proto': [ '1.0.0' ],
216 silly audit   sharp: [ '0.34.5' ],
216 silly audit   'shebang-command': [ '2.0.0' ],
216 silly audit   'shebang-regex': [ '3.0.0' ],
216 silly audit   'side-channel': [ '1.1.0' ],
216 silly audit   'side-channel-list': [ '1.0.0' ],
216 silly audit   'side-channel-map': [ '1.0.1' ],
216 silly audit   'side-channel-weakmap': [ '1.0.2' ],
216 silly audit   'source-map-js': [ '1.2.1' ],
216 silly audit   'stable-hash': [ '0.0.5' ],
216 silly audit   'stop-iteration-iterator': [ '1.1.0' ],
216 silly audit   'string.prototype.includes': [ '2.0.1' ],
216 silly audit   'string.prototype.matchall': [ '4.0.12' ],
216 silly audit   'string.prototype.repeat': [ '1.0.0' ],
216 silly audit   'string.prototype.trim': [ '1.2.10' ],
216 silly audit   'string.prototype.trimend': [ '1.0.9' ],
216 silly audit   'string.prototype.trimstart': [ '1.0.8' ],
216 silly audit   'strip-bom': [ '3.0.0' ],
216 silly audit   'strip-json-comments': [ '3.1.1' ],
216 silly audit   'styled-jsx': [ '5.1.6' ],
216 silly audit   'supports-color': [ '7.2.0' ],
216 silly audit   'supports-preserve-symlinks-flag': [ '1.0.0' ],
216 silly audit   tailwindcss: [ '4.1.18' ],
216 silly audit   tapable: [ '2.3.0' ],
216 silly audit   tinyglobby: [ '0.2.15' ],
216 silly audit   fdir: [ '6.5.0' ],
216 silly audit   'to-regex-range': [ '5.0.1' ],
216 silly audit   'ts-api-utils': [ '2.4.0' ],
216 silly audit   'tsconfig-paths': [ '3.15.0' ],
216 silly audit   tslib: [ '2.8.1' ],
216 silly audit   'type-check': [ '0.4.0' ],
216 silly audit   'typed-array-buffer': [ '1.0.3' ],
216 silly audit   'typed-array-byte-length': [ '1.0.3' ],
216 silly audit   'typed-array-byte-offset': [ '1.0.4' ],
216 silly audit   'typed-array-length': [ '1.0.7' ],
216 silly audit   typescript: [ '5.9.3' ],
216 silly audit   'typescript-eslint': [ '8.56.0' ],
216 silly audit   'unbox-primitive': [ '1.1.0' ],
216 silly audit   'undici-types': [ '6.21.0' ],
216 silly audit   'unrs-resolver': [ '1.11.1' ],
216 silly audit   'update-browserslist-db': [ '1.2.3' ],
216 silly audit   'uri-js': [ '4.4.1' ],
216 silly audit   which: [ '2.0.2' ],
216 silly audit   'which-boxed-primitive': [ '1.1.1' ],
216 silly audit   'which-builtin-type': [ '1.2.1' ],
216 silly audit   'which-collection': [ '1.0.2' ],
216 silly audit   'which-typed-array': [ '1.1.20' ],
216 silly audit   'word-wrap': [ '1.2.5' ],
216 silly audit   yallist: [ '3.1.1' ],
216 silly audit   'yocto-queue': [ '0.1.0' ],
216 silly audit   zod: [ '4.3.6' ],
216 silly audit   'zod-validation-error': [ '4.0.2' ],
216 silly audit   clsx: [ '2.1.1' ],
216 silly audit   'lucide-react': [ '0.574.0' ],
216 silly audit   'tailwind-merge': [ '3.4.1' ],
216 silly audit   'youtube-dl-exec': [ '3.1.1' ],
216 silly audit   'binary-version-check': [ '6.1.0' ],
216 silly audit   dargs: [ '7.0.0' ],
216 silly audit   'debug-logfmt': [ '1.4.7' ],
216 silly audit   'is-unix': [ '2.0.14' ],
216 silly audit   tinyspawn: [ '1.5.5' ],
216 silly audit   'binary-version': [ '7.1.0' ],
216 silly audit   'semver-truncate': [ '3.0.0' ],
216 silly audit   execa: [ '8.0.1' ],
216 silly audit   'find-versions': [ '6.0.0' ],
216 silly audit   '@kikobeats/time-span': [ '1.0.11' ],
216 silly audit   'null-prototype-object': [ '1.2.5' ],
216 silly audit   'pretty-ms': [ '7.0.1' ],
216 silly audit   'get-stream': [ '8.0.1' ],
216 silly audit   'human-signals': [ '5.0.0' ],
216 silly audit   'is-stream': [ '3.0.0' ],
216 silly audit   'merge-stream': [ '2.0.0' ],
216 silly audit   'npm-run-path': [ '5.3.0' ],
216 silly audit   onetime: [ '6.0.0' ],
216 silly audit   'signal-exit': [ '4.1.0' ],
216 silly audit   'strip-final-newline': [ '3.0.0' ],
216 silly audit   'semver-regex': [ '4.0.5' ],
216 silly audit   'super-regex': [ '1.1.0' ],
216 silly audit   'mimic-fn': [ '4.0.0' ],
216 silly audit   'parse-ms': [ '2.1.0' ],
216 silly audit   'function-timeout': [ '1.0.2' ],
216 silly audit   'make-asynchronous': [ '1.0.1' ],
216 silly audit   'time-span': [ '5.1.0' ],
216 silly audit   'p-event': [ '6.0.1' ],
216 silly audit   'type-fest': [ '4.41.0' ],
216 silly audit   'web-worker': [ '1.2.0' ],
216 silly audit   'p-timeout': [ '6.1.4' ],
216 silly audit   'convert-hrtime': [ '5.0.0' ]
216 silly audit }
217 http cache p-timeout@https://registry.npmjs.org/p-timeout/-/p-timeout-6.1.4.tgz 0ms (cache hit)
218 http cache convert-hrtime@https://registry.npmjs.org/convert-hrtime/-/convert-hrtime-5.0.0.tgz 0ms (cache hit)
219 http cache web-worker@https://registry.npmjs.org/web-worker/-/web-worker-1.2.0.tgz 0ms (cache hit)
220 http cache type-fest@https://registry.npmjs.org/type-fest/-/type-fest-4.41.0.tgz 0ms (cache hit)
221 http cache time-span@https://registry.npmjs.org/time-span/-/time-span-5.1.0.tgz 0ms (cache hit)
222 http cache p-event@https://registry.npmjs.org/p-event/-/p-event-6.0.1.tgz 0ms (cache hit)
223 http cache make-asynchronous@https://registry.npmjs.org/make-asynchronous/-/make-asynchronous-1.0.1.tgz 0ms (cache hit)
224 http cache function-timeout@https://registry.npmjs.org/function-timeout/-/function-timeout-1.0.2.tgz 0ms (cache hit)
225 http cache parse-ms@https://registry.npmjs.org/parse-ms/-/parse-ms-2.1.0.tgz 0ms (cache hit)
226 http cache mimic-fn@https://registry.npmjs.org/mimic-fn/-/mimic-fn-4.0.0.tgz 0ms (cache hit)
227 http cache super-regex@https://registry.npmjs.org/super-regex/-/super-regex-1.1.0.tgz 0ms (cache hit)
228 http cache semver-regex@https://registry.npmjs.org/semver-regex/-/semver-regex-4.0.5.tgz 0ms (cache hit)
229 http cache onetime@https://registry.npmjs.org/onetime/-/onetime-6.0.0.tgz 0ms (cache hit)
230 http cache signal-exit@https://registry.npmjs.org/signal-exit/-/signal-exit-4.1.0.tgz 0ms (cache hit)
231 http cache strip-final-newline@https://registry.npmjs.org/strip-final-newline/-/strip-final-newline-3.0.0.tgz 0ms (cache hit)
232 http cache npm-run-path@https://registry.npmjs.org/npm-run-path/-/npm-run-path-5.3.0.tgz 0ms (cache hit)
233 http cache merge-stream@https://registry.npmjs.org/merge-stream/-/merge-stream-2.0.0.tgz 0ms (cache hit)
234 http cache is-stream@https://registry.npmjs.org/is-stream/-/is-stream-3.0.0.tgz 0ms (cache hit)
235 http cache human-signals@https://registry.npmjs.org/human-signals/-/human-signals-5.0.0.tgz 0ms (cache hit)
236 http cache get-stream@https://registry.npmjs.org/get-stream/-/get-stream-8.0.1.tgz 0ms (cache hit)
237 http cache pretty-ms@https://registry.npmjs.org/pretty-ms/-/pretty-ms-7.0.1.tgz 0ms (cache hit)
238 http cache null-prototype-object@https://registry.npmjs.org/null-prototype-object/-/null-prototype-object-1.2.5.tgz 0ms (cache hit)
239 http cache find-versions@https://registry.npmjs.org/find-versions/-/find-versions-6.0.0.tgz 0ms (cache hit)
240 http cache @kikobeats/time-span@https://registry.npmjs.org/@kikobeats/time-span/-/time-span-1.0.11.tgz 0ms (cache hit)
241 http cache execa@https://registry.npmjs.org/execa/-/execa-8.0.1.tgz 0ms (cache hit)
242 http cache semver-truncate@https://registry.npmjs.org/semver-truncate/-/semver-truncate-3.0.0.tgz 0ms (cache hit)
243 http cache tinyspawn@https://registry.npmjs.org/tinyspawn/-/tinyspawn-1.5.5.tgz 0ms (cache hit)
244 http cache binary-version@https://registry.npmjs.org/binary-version/-/binary-version-7.1.0.tgz 0ms (cache hit)
245 http cache is-unix@https://registry.npmjs.org/is-unix/-/is-unix-2.0.14.tgz 0ms (cache hit)
246 http cache dargs@https://registry.npmjs.org/dargs/-/dargs-7.0.0.tgz 0ms (cache hit)
247 http cache debug-logfmt@https://registry.npmjs.org/debug-logfmt/-/debug-logfmt-1.4.7.tgz 0ms (cache hit)
248 http cache youtube-dl-exec@https://registry.npmjs.org/youtube-dl-exec/-/youtube-dl-exec-3.1.1.tgz 0ms (cache hit)
249 http cache binary-version-check@https://registry.npmjs.org/binary-version-check/-/binary-version-check-6.1.0.tgz 0ms (cache hit)
250 http cache clsx@https://registry.npmjs.org/clsx/-/clsx-2.1.1.tgz 0ms (cache hit)
251 http cache tailwind-merge@https://registry.npmjs.org/tailwind-merge/-/tailwind-merge-3.4.1.tgz 0ms (cache hit)
252 http cache lucide-react@https://registry.npmjs.org/lucide-react/-/lucide-react-0.574.0.tgz 0ms (cache hit)
253 http cache semver@https://registry.npmjs.org/semver/-/semver-7.7.4.tgz 0ms (cache hit)
254 http cache semver@https://registry.npmjs.org/semver/-/semver-7.7.4.tgz 0ms (cache hit)
255 http cache path-key@https://registry.npmjs.org/path-key/-/path-key-4.0.0.tgz 0ms (cache hit)
256 silly tarball no local data for p-timeout@https://registry.npmjs.org/p-timeout/-/p-timeout-6.1.4.tgz. Extracting by manifest.
257 silly tarball no local data for convert-hrtime@https://registry.npmjs.org/convert-hrtime/-/convert-hrtime-5.0.0.tgz. Extracting by manifest.
258 silly tarball no local data for web-worker@https://registry.npmjs.org/web-worker/-/web-worker-1.2.0.tgz. Extracting by manifest.
259 silly tarball no local data for type-fest@https://registry.npmjs.org/type-fest/-/type-fest-4.41.0.tgz. Extracting by manifest.
260 silly tarball no local data for time-span@https://registry.npmjs.org/time-span/-/time-span-5.1.0.tgz. Extracting by manifest.
261 silly tarball no local data for p-event@https://registry.npmjs.org/p-event/-/p-event-6.0.1.tgz. Extracting by manifest.
262 silly tarball no local data for make-asynchronous@https://registry.npmjs.org/make-asynchronous/-/make-asynchronous-1.0.1.tgz. Extracting by manifest.
263 silly tarball no local data for function-timeout@https://registry.npmjs.org/function-timeout/-/function-timeout-1.0.2.tgz. Extracting by manifest.
264 silly tarball no local data for parse-ms@https://registry.npmjs.org/parse-ms/-/parse-ms-2.1.0.tgz. Extracting by manifest.
265 silly tarball no local data for mimic-fn@https://registry.npmjs.org/mimic-fn/-/mimic-fn-4.0.0.tgz. Extracting by manifest.
266 silly tarball no local data for super-regex@https://registry.npmjs.org/super-regex/-/super-regex-1.1.0.tgz. Extracting by manifest.
267 silly tarball no local data for semver-regex@https://registry.npmjs.org/semver-regex/-/semver-regex-4.0.5.tgz. Extracting by manifest.
268 silly tarball no local data for onetime@https://registry.npmjs.org/onetime/-/onetime-6.0.0.tgz. Extracting by manifest.
269 silly tarball no local data for signal-exit@https://registry.npmjs.org/signal-exit/-/signal-exit-4.1.0.tgz. Extracting by manifest.
270 silly tarball no local data for strip-final-newline@https://registry.npmjs.org/strip-final-newline/-/strip-final-newline-3.0.0.tgz. Extracting by manifest.
271 silly tarball no local data for npm-run-path@https://registry.npmjs.org/npm-run-path/-/npm-run-path-5.3.0.tgz. Extracting by manifest.
272 silly tarball no local data for merge-stream@https://registry.npmjs.org/merge-stream/-/merge-stream-2.0.0.tgz. Extracting by manifest.
273 silly tarball no local data for is-stream@https://registry.npmjs.org/is-stream/-/is-stream-3.0.0.tgz. Extracting by manifest.
274 silly tarball no local data for human-signals@https://registry.npmjs.org/human-signals/-/human-signals-5.0.0.tgz. Extracting by manifest.
275 silly tarball no local data for get-stream@https://registry.npmjs.org/get-stream/-/get-stream-8.0.1.tgz. Extracting by manifest.
276 silly tarball no local data for pretty-ms@https://registry.npmjs.org/pretty-ms/-/pretty-ms-7.0.1.tgz. Extracting by manifest.
277 silly tarball no local data for null-prototype-object@https://registry.npmjs.org/null-prototype-object/-/null-prototype-object-1.2.5.tgz. Extracting by manifest.
278 silly tarball no local data for find-versions@https://registry.npmjs.org/find-versions/-/find-versions-6.0.0.tgz. Extracting by manifest.
279 silly tarball no local data for @kikobeats/time-span@https://registry.npmjs.org/@kikobeats/time-span/-/time-span-1.0.11.tgz. Extracting by manifest.
280 silly tarball no local data for execa@https://registry.npmjs.org/execa/-/execa-8.0.1.tgz. Extracting by manifest.
281 silly tarball no local data for semver-truncate@https://registry.npmjs.org/semver-truncate/-/semver-truncate-3.0.0.tgz. Extracting by manifest.
282 silly tarball no local data for tinyspawn@https://registry.npmjs.org/tinyspawn/-/tinyspawn-1.5.5.tgz. Extracting by manifest.
283 silly tarball no local data for binary-version@https://registry.npmjs.org/binary-version/-/binary-version-7.1.0.tgz. Extracting by manifest.
284 silly tarball no local data for is-unix@https://registry.npmjs.org/is-unix/-/is-unix-2.0.14.tgz. Extracting by manifest.
285 silly tarball no local data for dargs@https://registry.npmjs.org/dargs/-/dargs-7.0.0.tgz. Extracting by manifest.
286 silly tarball no local data for debug-logfmt@https://registry.npmjs.org/debug-logfmt/-/debug-logfmt-1.4.7.tgz. Extracting by manifest.
287 silly tarball no local data for youtube-dl-exec@https://registry.npmjs.org/youtube-dl-exec/-/youtube-dl-exec-3.1.1.tgz. Extracting by manifest.
288 silly tarball no local data for binary-version-check@https://registry.npmjs.org/binary-version-check/-/binary-version-check-6.1.0.tgz. Extracting by manifest.
289 silly tarball no local data for clsx@https://registry.npmjs.org/clsx/-/clsx-2.1.1.tgz. Extracting by manifest.
290 silly tarball no local data for tailwind-merge@https://registry.npmjs.org/tailwind-merge/-/tailwind-merge-3.4.1.tgz. Extracting by manifest.
291 silly tarball no local data for lucide-react@https://registry.npmjs.org/lucide-react/-/lucide-react-0.574.0.tgz. Extracting by manifest.
292 silly tarball no local data for semver@https://registry.npmjs.org/semver/-/semver-7.7.4.tgz. Extracting by manifest.
293 silly tarball no local data for semver@https://registry.npmjs.org/semver/-/semver-7.7.4.tgz. Extracting by manifest.
294 silly tarball no local data for path-key@https://registry.npmjs.org/path-key/-/path-key-4.0.0.tgz. Extracting by manifest.
295 http cache yocto-queue@https://registry.npmjs.org/yocto-queue/-/yocto-queue-0.1.0.tgz 0ms (cache hit)
296 http cache yallist@https://registry.npmjs.org/yallist/-/yallist-3.1.1.tgz 0ms (cache hit)
297 http cache word-wrap@https://registry.npmjs.org/word-wrap/-/word-wrap-1.2.5.tgz 0ms (cache hit)
298 http cache undici-types@https://registry.npmjs.org/undici-types/-/undici-types-6.21.0.tgz 0ms (cache hit)
299 http cache unrs-resolver@https://registry.npmjs.org/unrs-resolver/-/unrs-resolver-1.11.1.tgz 0ms (cache hit)
300 http cache to-regex-range@https://registry.npmjs.org/to-regex-range/-/to-regex-range-5.0.1.tgz 0ms (cache hit)
301 http cache supports-color@https://registry.npmjs.org/supports-color/-/supports-color-7.2.0.tgz 0ms (cache hit)
302 http cache strip-bom@https://registry.npmjs.org/strip-bom/-/strip-bom-3.0.0.tgz 0ms (cache hit)
303 http cache strip-json-comments@https://registry.npmjs.org/strip-json-comments/-/strip-json-comments-3.1.1.tgz 0ms (cache hit)
304 http cache shebang-regex@https://registry.npmjs.org/shebang-regex/-/shebang-regex-3.0.0.tgz 0ms (cache hit)
305 http cache shebang-command@https://registry.npmjs.org/shebang-command/-/shebang-command-2.0.0.tgz 0ms (cache hit)
306 http cache run-parallel@https://registry.npmjs.org/run-parallel/-/run-parallel-1.2.0.tgz 0ms (cache hit)
307 http cache resolve-from@https://registry.npmjs.org/resolve-from/-/resolve-from-4.0.0.tgz 0ms (cache hit)
308 http cache punycode@https://registry.npmjs.org/punycode/-/punycode-2.3.1.tgz 0ms (cache hit)
309 http cache queue-microtask@https://registry.npmjs.org/queue-microtask/-/queue-microtask-1.2.3.tgz 0ms (cache hit)
310 http cache picocolors@https://registry.npmjs.org/picocolors/-/picocolors-1.1.1.tgz 0ms (cache hit)
311 http cache path-key@https://registry.npmjs.org/path-key/-/path-key-3.1.1.tgz 0ms (cache hit)
312 http cache path-parse@https://registry.npmjs.org/path-parse/-/path-parse-1.0.7.tgz 0ms (cache hit)
313 http cache path-exists@https://registry.npmjs.org/path-exists/-/path-exists-4.0.0.tgz 0ms (cache hit)
314 http cache p-limit@https://registry.npmjs.org/p-limit/-/p-limit-3.1.0.tgz 0ms (cache hit)
315 http cache parent-module@https://registry.npmjs.org/parent-module/-/parent-module-1.0.1.tgz 0ms (cache hit)
316 http cache p-locate@https://registry.npmjs.org/p-locate/-/p-locate-5.0.0.tgz 0ms (cache hit)
317 http cache object-assign@https://registry.npmjs.org/object-assign/-/object-assign-4.1.1.tgz 0ms (cache hit)
318 http cache ms@https://registry.npmjs.org/ms/-/ms-2.1.3.tgz 0ms (cache hit)
319 http cache natural-compare@https://registry.npmjs.org/natural-compare/-/natural-compare-1.4.0.tgz 0ms (cache hit)
320 http cache micromatch@https://registry.npmjs.org/micromatch/-/micromatch-4.0.8.tgz 0ms (cache hit)
321 http cache merge2@https://registry.npmjs.org/merge2/-/merge2-1.4.1.tgz 0ms (cache hit)
322 http cache minimatch@https://registry.npmjs.org/minimatch/-/minimatch-3.1.2.tgz 0ms (cache hit)
323 http cache lodash.merge@https://registry.npmjs.org/lodash.merge/-/lodash.merge-4.6.2.tgz 0ms (cache hit)
324 http cache lru-cache@https://registry.npmjs.org/lru-cache/-/lru-cache-5.1.1.tgz 0ms (cache hit)
325 http cache lightningcss-darwin-arm64@https://registry.npmjs.org/lightningcss-darwin-arm64/-/lightningcss-darwin-arm64-1.30.2.tgz 0ms (cache hit)
326 http cache locate-path@https://registry.npmjs.org/locate-path/-/locate-path-6.0.0.tgz 0ms (cache hit)
327 http cache js-tokens@https://registry.npmjs.org/js-tokens/-/js-tokens-4.0.0.tgz 0ms (cache hit)
328 http cache isarray@https://registry.npmjs.org/isarray/-/isarray-2.0.5.tgz 0ms (cache hit)
329 http cache is-number@https://registry.npmjs.org/is-number/-/is-number-7.0.0.tgz 0ms (cache hit)
330 http cache is-glob@https://registry.npmjs.org/is-glob/-/is-glob-4.0.3.tgz 0ms (cache hit)
331 http cache is-extglob@https://registry.npmjs.org/is-extglob/-/is-extglob-2.1.1.tgz 0ms (cache hit)
332 http cache imurmurhash@https://registry.npmjs.org/imurmurhash/-/imurmurhash-0.1.4.tgz 0ms (cache hit)
333 http cache import-fresh@https://registry.npmjs.org/import-fresh/-/import-fresh-3.3.1.tgz 0ms (cache hit)
334 http cache ignore@https://registry.npmjs.org/ignore/-/ignore-5.3.2.tgz 0ms (cache hit)
335 http cache has-flag@https://registry.npmjs.org/has-flag/-/has-flag-4.0.0.tgz 0ms (cache hit)
336 http cache graceful-fs@https://registry.npmjs.org/graceful-fs/-/graceful-fs-4.2.11.tgz 0ms (cache hit)
337 http cache globals@https://registry.npmjs.org/globals/-/globals-14.0.0.tgz 0ms (cache hit)
338 http cache glob-parent@https://registry.npmjs.org/glob-parent/-/glob-parent-6.0.2.tgz 0ms (cache hit)
339 http cache fill-range@https://registry.npmjs.org/fill-range/-/fill-range-7.1.1.tgz 0ms (cache hit)
340 http cache find-up@https://registry.npmjs.org/find-up/-/find-up-5.0.0.tgz 0ms (cache hit)
341 http cache file-entry-cache@https://registry.npmjs.org/file-entry-cache/-/file-entry-cache-8.0.0.tgz 0ms (cache hit)
342 http cache esrecurse@https://registry.npmjs.org/esrecurse/-/esrecurse-4.3.0.tgz 0ms (cache hit)
343 http cache estraverse@https://registry.npmjs.org/estraverse/-/estraverse-5.3.0.tgz 0ms (cache hit)
344 http cache fast-levenshtein@https://registry.npmjs.org/fast-levenshtein/-/fast-levenshtein-2.0.6.tgz 0ms (cache hit)
345 http cache eslint-module-utils@https://registry.npmjs.org/eslint-module-utils/-/eslint-module-utils-2.12.1.tgz 0ms (cache hit)
346 http cache eslint-import-resolver-node@https://registry.npmjs.org/eslint-import-resolver-node/-/eslint-import-resolver-node-0.3.9.tgz 0ms (cache hit)
347 http cache electron-to-chromium@https://registry.npmjs.org/electron-to-chromium/-/electron-to-chromium-1.5.286.tgz 0ms (cache hit)
348 http cache csstype@https://registry.npmjs.org/csstype/-/csstype-3.2.3.tgz 0ms (cache hit)
349 http cache escape-string-regexp@https://registry.npmjs.org/escape-string-regexp/-/escape-string-regexp-4.0.0.tgz 0ms (cache hit)
350 http cache convert-source-map@https://registry.npmjs.org/convert-source-map/-/convert-source-map-2.0.0.tgz 0ms (cache hit)
351 http cache color-name@https://registry.npmjs.org/color-name/-/color-name-1.1.4.tgz 0ms (cache hit)
352 http cache client-only@https://registry.npmjs.org/client-only/-/client-only-0.0.1.tgz 0ms (cache hit)
353 http cache color-convert@https://registry.npmjs.org/color-convert/-/color-convert-2.0.1.tgz 0ms (cache hit)
354 http cache callsites@https://registry.npmjs.org/callsites/-/callsites-3.1.0.tgz 0ms (cache hit)
355 http cache ansi-styles@https://registry.npmjs.org/ansi-styles/-/ansi-styles-4.3.0.tgz 0ms (cache hit)
356 http cache acorn-jsx@https://registry.npmjs.org/acorn-jsx/-/acorn-jsx-5.3.2.tgz 0ms (cache hit)
357 http cache @unrs/resolver-binding-darwin-arm64@https://registry.npmjs.org/@unrs/resolver-binding-darwin-arm64/-/resolver-binding-darwin-arm64-1.11.1.tgz 0ms (cache hit)
358 http cache @types/json-schema@https://registry.npmjs.org/@types/json-schema/-/json-schema-7.0.15.tgz 0ms (cache hit)
359 http cache @types/json5@https://registry.npmjs.org/@types/json5/-/json5-0.0.29.tgz 0ms (cache hit)
360 http cache brace-expansion@https://registry.npmjs.org/brace-expansion/-/brace-expansion-1.1.12.tgz 0ms (cache hit)
361 http cache @tailwindcss/oxide@https://registry.npmjs.org/@tailwindcss/oxide/-/oxide-4.1.18.tgz 0ms (cache hit)
362 http cache @tailwindcss/oxide-darwin-arm64@https://registry.npmjs.org/@tailwindcss/oxide-darwin-arm64/-/oxide-darwin-arm64-4.1.18.tgz 0ms (cache hit)
363 http cache @rtsao/scc@https://registry.npmjs.org/@rtsao/scc/-/scc-1.1.0.tgz 0ms (cache hit)
364 http cache @nolyfill/is-core-module@https://registry.npmjs.org/@nolyfill/is-core-module/-/is-core-module-1.0.39.tgz 0ms (cache hit)
365 http cache @types/estree@https://registry.npmjs.org/@types/estree/-/estree-1.0.8.tgz 0ms (cache hit)
366 http cache @img/colour@https://registry.npmjs.org/@img/colour/-/colour-1.0.0.tgz 0ms (cache hit)
367 http cache @next/swc-darwin-arm64@https://registry.npmjs.org/@next/swc-darwin-arm64/-/swc-darwin-arm64-16.1.6.tgz 0ms (cache hit)
368 http cache @eslint-community/eslint-utils@https://registry.npmjs.org/@eslint-community/eslint-utils/-/eslint-utils-4.9.1.tgz 0ms (cache hit)
369 http cache @eslint-community/regexpp@https://registry.npmjs.org/@eslint-community/regexpp/-/regexpp-4.12.2.tgz 0ms (cache hit)
370 http cache @alloc/quick-lru@https://registry.npmjs.org/@alloc/quick-lru/-/quick-lru-5.2.0.tgz 0ms (cache hit)
371 http cache glob-parent@https://registry.npmjs.org/glob-parent/-/glob-parent-5.1.2.tgz 0ms (cache hit)
372 http cache ignore@https://registry.npmjs.org/ignore/-/ignore-7.0.5.tgz 0ms (cache hit)
373 http cache globals@https://registry.npmjs.org/globals/-/globals-16.4.0.tgz 0ms (cache hit)
374 silly tarball no local data for yocto-queue@https://registry.npmjs.org/yocto-queue/-/yocto-queue-0.1.0.tgz. Extracting by manifest.
375 silly tarball no local data for yallist@https://registry.npmjs.org/yallist/-/yallist-3.1.1.tgz. Extracting by manifest.
376 silly tarball no local data for word-wrap@https://registry.npmjs.org/word-wrap/-/word-wrap-1.2.5.tgz. Extracting by manifest.
377 silly tarball no local data for undici-types@https://registry.npmjs.org/undici-types/-/undici-types-6.21.0.tgz. Extracting by manifest.
378 silly tarball no local data for unrs-resolver@https://registry.npmjs.org/unrs-resolver/-/unrs-resolver-1.11.1.tgz. Extracting by manifest.
379 http cache update-browserslist-db@https://registry.npmjs.org/update-browserslist-db/-/update-browserslist-db-1.2.3.tgz 0ms (cache hit)
380 silly tarball no local data for to-regex-range@https://registry.npmjs.org/to-regex-range/-/to-regex-range-5.0.1.tgz. Extracting by manifest.
381 silly tarball no local data for supports-color@https://registry.npmjs.org/supports-color/-/supports-color-7.2.0.tgz. Extracting by manifest.
382 silly tarball no local data for strip-bom@https://registry.npmjs.org/strip-bom/-/strip-bom-3.0.0.tgz. Extracting by manifest.
383 silly tarball no local data for strip-json-comments@https://registry.npmjs.org/strip-json-comments/-/strip-json-comments-3.1.1.tgz. Extracting by manifest.
384 silly tarball no local data for shebang-regex@https://registry.npmjs.org/shebang-regex/-/shebang-regex-3.0.0.tgz. Extracting by manifest.
385 silly tarball no local data for shebang-command@https://registry.npmjs.org/shebang-command/-/shebang-command-2.0.0.tgz. Extracting by manifest.
386 silly tarball no local data for run-parallel@https://registry.npmjs.org/run-parallel/-/run-parallel-1.2.0.tgz. Extracting by manifest.
387 silly tarball no local data for resolve-from@https://registry.npmjs.org/resolve-from/-/resolve-from-4.0.0.tgz. Extracting by manifest.
388 silly tarball no local data for punycode@https://registry.npmjs.org/punycode/-/punycode-2.3.1.tgz. Extracting by manifest.
389 silly tarball no local data for queue-microtask@https://registry.npmjs.org/queue-microtask/-/queue-microtask-1.2.3.tgz. Extracting by manifest.
390 silly tarball no local data for picocolors@https://registry.npmjs.org/picocolors/-/picocolors-1.1.1.tgz. Extracting by manifest.
391 silly tarball no local data for path-key@https://registry.npmjs.org/path-key/-/path-key-3.1.1.tgz. Extracting by manifest.
392 silly tarball no local data for path-parse@https://registry.npmjs.org/path-parse/-/path-parse-1.0.7.tgz. Extracting by manifest.
393 silly tarball no local data for path-exists@https://registry.npmjs.org/path-exists/-/path-exists-4.0.0.tgz. Extracting by manifest.
394 silly tarball no local data for p-limit@https://registry.npmjs.org/p-limit/-/p-limit-3.1.0.tgz. Extracting by manifest.
395 silly tarball no local data for parent-module@https://registry.npmjs.org/parent-module/-/parent-module-1.0.1.tgz. Extracting by manifest.
396 silly tarball no local data for p-locate@https://registry.npmjs.org/p-locate/-/p-locate-5.0.0.tgz. Extracting by manifest.
397 silly tarball no local data for object-assign@https://registry.npmjs.org/object-assign/-/object-assign-4.1.1.tgz. Extracting by manifest.
398 silly tarball no local data for ms@https://registry.npmjs.org/ms/-/ms-2.1.3.tgz. Extracting by manifest.
399 silly tarball no local data for natural-compare@https://registry.npmjs.org/natural-compare/-/natural-compare-1.4.0.tgz. Extracting by manifest.
400 silly tarball no local data for merge2@https://registry.npmjs.org/merge2/-/merge2-1.4.1.tgz. Extracting by manifest.
401 silly tarball no local data for micromatch@https://registry.npmjs.org/micromatch/-/micromatch-4.0.8.tgz. Extracting by manifest.
402 silly tarball no local data for minimatch@https://registry.npmjs.org/minimatch/-/minimatch-3.1.2.tgz. Extracting by manifest.
403 silly tarball no local data for lodash.merge@https://registry.npmjs.org/lodash.merge/-/lodash.merge-4.6.2.tgz. Extracting by manifest.
404 silly tarball no local data for lru-cache@https://registry.npmjs.org/lru-cache/-/lru-cache-5.1.1.tgz. Extracting by manifest.
405 silly tarball no local data for lightningcss-darwin-arm64@https://registry.npmjs.org/lightningcss-darwin-arm64/-/lightningcss-darwin-arm64-1.30.2.tgz. Extracting by manifest.
406 silly tarball no local data for locate-path@https://registry.npmjs.org/locate-path/-/locate-path-6.0.0.tgz. Extracting by manifest.
407 http cache loose-envify@https://registry.npmjs.org/loose-envify/-/loose-envify-1.4.0.tgz 0ms (cache hit)
408 silly tarball no local data for js-tokens@https://registry.npmjs.org/js-tokens/-/js-tokens-4.0.0.tgz. Extracting by manifest.
409 silly tarball no local data for isarray@https://registry.npmjs.org/isarray/-/isarray-2.0.5.tgz. Extracting by manifest.
410 silly tarball no local data for is-number@https://registry.npmjs.org/is-number/-/is-number-7.0.0.tgz. Extracting by manifest.
411 silly tarball no local data for is-glob@https://registry.npmjs.org/is-glob/-/is-glob-4.0.3.tgz. Extracting by manifest.
412 silly tarball no local data for is-extglob@https://registry.npmjs.org/is-extglob/-/is-extglob-2.1.1.tgz. Extracting by manifest.
413 silly tarball no local data for imurmurhash@https://registry.npmjs.org/imurmurhash/-/imurmurhash-0.1.4.tgz. Extracting by manifest.
414 silly tarball no local data for import-fresh@https://registry.npmjs.org/import-fresh/-/import-fresh-3.3.1.tgz. Extracting by manifest.
415 silly tarball no local data for ignore@https://registry.npmjs.org/ignore/-/ignore-5.3.2.tgz. Extracting by manifest.
416 silly tarball no local data for has-flag@https://registry.npmjs.org/has-flag/-/has-flag-4.0.0.tgz. Extracting by manifest.
417 silly tarball no local data for graceful-fs@https://registry.npmjs.org/graceful-fs/-/graceful-fs-4.2.11.tgz. Extracting by manifest.
418 silly tarball no local data for globals@https://registry.npmjs.org/globals/-/globals-14.0.0.tgz. Extracting by manifest.
419 silly tarball no local data for glob-parent@https://registry.npmjs.org/glob-parent/-/glob-parent-6.0.2.tgz. Extracting by manifest.
420 silly tarball no local data for fill-range@https://registry.npmjs.org/fill-range/-/fill-range-7.1.1.tgz. Extracting by manifest.
421 silly tarball no local data for find-up@https://registry.npmjs.org/find-up/-/find-up-5.0.0.tgz. Extracting by manifest.
422 silly tarball no local data for file-entry-cache@https://registry.npmjs.org/file-entry-cache/-/file-entry-cache-8.0.0.tgz. Extracting by manifest.
423 silly tarball no local data for esrecurse@https://registry.npmjs.org/esrecurse/-/esrecurse-4.3.0.tgz. Extracting by manifest.
424 silly tarball no local data for estraverse@https://registry.npmjs.org/estraverse/-/estraverse-5.3.0.tgz. Extracting by manifest.
425 silly tarball no local data for fast-levenshtein@https://registry.npmjs.org/fast-levenshtein/-/fast-levenshtein-2.0.6.tgz. Extracting by manifest.
426 silly tarball no local data for eslint-module-utils@https://registry.npmjs.org/eslint-module-utils/-/eslint-module-utils-2.12.1.tgz. Extracting by manifest.
427 silly tarball no local data for eslint-import-resolver-node@https://registry.npmjs.org/eslint-import-resolver-node/-/eslint-import-resolver-node-0.3.9.tgz. Extracting by manifest.
428 silly tarball no local data for electron-to-chromium@https://registry.npmjs.org/electron-to-chromium/-/electron-to-chromium-1.5.286.tgz. Extracting by manifest.
429 silly tarball no local data for csstype@https://registry.npmjs.org/csstype/-/csstype-3.2.3.tgz. Extracting by manifest.
430 silly tarball no local data for escape-string-regexp@https://registry.npmjs.org/escape-string-regexp/-/escape-string-regexp-4.0.0.tgz. Extracting by manifest.
431 silly tarball no local data for convert-source-map@https://registry.npmjs.org/convert-source-map/-/convert-source-map-2.0.0.tgz. Extracting by manifest.
432 silly tarball no local data for color-name@https://registry.npmjs.org/color-name/-/color-name-1.1.4.tgz. Extracting by manifest.
433 silly tarball no local data for client-only@https://registry.npmjs.org/client-only/-/client-only-0.0.1.tgz. Extracting by manifest.
434 silly tarball no local data for color-convert@https://registry.npmjs.org/color-convert/-/color-convert-2.0.1.tgz. Extracting by manifest.
435 silly tarball no local data for callsites@https://registry.npmjs.org/callsites/-/callsites-3.1.0.tgz. Extracting by manifest.
436 http cache browserslist@https://registry.npmjs.org/browserslist/-/browserslist-4.28.1.tgz 0ms (cache hit)
437 silly tarball no local data for ansi-styles@https://registry.npmjs.org/ansi-styles/-/ansi-styles-4.3.0.tgz. Extracting by manifest.
438 silly tarball no local data for acorn-jsx@https://registry.npmjs.org/acorn-jsx/-/acorn-jsx-5.3.2.tgz. Extracting by manifest.
439 silly tarball no local data for @unrs/resolver-binding-darwin-arm64@https://registry.npmjs.org/@unrs/resolver-binding-darwin-arm64/-/resolver-binding-darwin-arm64-1.11.1.tgz. Extracting by manifest.
440 silly tarball no local data for @types/json-schema@https://registry.npmjs.org/@types/json-schema/-/json-schema-7.0.15.tgz. Extracting by manifest.
441 silly tarball no local data for @types/json5@https://registry.npmjs.org/@types/json5/-/json5-0.0.29.tgz. Extracting by manifest.
442 silly tarball no local data for brace-expansion@https://registry.npmjs.org/brace-expansion/-/brace-expansion-1.1.12.tgz. Extracting by manifest.
443 silly tarball no local data for @tailwindcss/oxide@https://registry.npmjs.org/@tailwindcss/oxide/-/oxide-4.1.18.tgz. Extracting by manifest.
444 silly tarball no local data for @tailwindcss/oxide-darwin-arm64@https://registry.npmjs.org/@tailwindcss/oxide-darwin-arm64/-/oxide-darwin-arm64-4.1.18.tgz. Extracting by manifest.
445 silly tarball no local data for @rtsao/scc@https://registry.npmjs.org/@rtsao/scc/-/scc-1.1.0.tgz. Extracting by manifest.
446 silly tarball no local data for @nolyfill/is-core-module@https://registry.npmjs.org/@nolyfill/is-core-module/-/is-core-module-1.0.39.tgz. Extracting by manifest.
447 silly tarball no local data for @types/estree@https://registry.npmjs.org/@types/estree/-/estree-1.0.8.tgz. Extracting by manifest.
448 silly tarball no local data for @img/colour@https://registry.npmjs.org/@img/colour/-/colour-1.0.0.tgz. Extracting by manifest.
449 silly tarball no local data for @next/swc-darwin-arm64@https://registry.npmjs.org/@next/swc-darwin-arm64/-/swc-darwin-arm64-16.1.6.tgz. Extracting by manifest.
450 silly tarball no local data for @eslint-community/eslint-utils@https://registry.npmjs.org/@eslint-community/eslint-utils/-/eslint-utils-4.9.1.tgz. Extracting by manifest.
451 silly tarball no local data for @eslint-community/regexpp@https://registry.npmjs.org/@eslint-community/regexpp/-/regexpp-4.12.2.tgz. Extracting by manifest.
452 silly tarball no local data for @alloc/quick-lru@https://registry.npmjs.org/@alloc/quick-lru/-/quick-lru-5.2.0.tgz. Extracting by manifest.
453 silly tarball no local data for glob-parent@https://registry.npmjs.org/glob-parent/-/glob-parent-5.1.2.tgz. Extracting by manifest.
454 silly tarball no local data for ignore@https://registry.npmjs.org/ignore/-/ignore-7.0.5.tgz. Extracting by manifest.
455 silly tarball no local data for globals@https://registry.npmjs.org/globals/-/globals-16.4.0.tgz. Extracting by manifest.
456 silly tarball no local data for update-browserslist-db@https://registry.npmjs.org/update-browserslist-db/-/update-browserslist-db-1.2.3.tgz. Extracting by manifest.
457 silly tarball no local data for loose-envify@https://registry.npmjs.org/loose-envify/-/loose-envify-1.4.0.tgz. Extracting by manifest.
458 silly tarball no local data for browserslist@https://registry.npmjs.org/browserslist/-/browserslist-4.28.1.tgz. Extracting by manifest.
459 http cache which-typed-array@https://registry.npmjs.org/which-typed-array/-/which-typed-array-1.1.20.tgz 0ms (cache hit)
460 http cache which-collection@https://registry.npmjs.org/which-collection/-/which-collection-1.0.2.tgz 0ms (cache hit)
461 http cache which-boxed-primitive@https://registry.npmjs.org/which-boxed-primitive/-/which-boxed-primitive-1.1.1.tgz 0ms (cache hit)
462 http cache zod-validation-error@https://registry.npmjs.org/zod-validation-error/-/zod-validation-error-4.0.2.tgz 0ms (cache hit)
463 http cache which-builtin-type@https://registry.npmjs.org/which-builtin-type/-/which-builtin-type-1.2.1.tgz 1ms (cache hit)
464 http cache typed-array-length@https://registry.npmjs.org/typed-array-length/-/typed-array-length-1.0.7.tgz 0ms (cache hit)
465 http cache unbox-primitive@https://registry.npmjs.org/unbox-primitive/-/unbox-primitive-1.1.0.tgz 0ms (cache hit)
466 http cache typed-array-byte-offset@https://registry.npmjs.org/typed-array-byte-offset/-/typed-array-byte-offset-1.0.4.tgz 0ms (cache hit)
467 http cache typed-array-buffer@https://registry.npmjs.org/typed-array-buffer/-/typed-array-buffer-1.0.3.tgz 0ms (cache hit)
468 http cache typed-array-byte-length@https://registry.npmjs.org/typed-array-byte-length/-/typed-array-byte-length-1.0.3.tgz 0ms (cache hit)
469 http cache tinyglobby@https://registry.npmjs.org/tinyglobby/-/tinyglobby-0.2.15.tgz 0ms (cache hit)
470 http cache ts-api-utils@https://registry.npmjs.org/ts-api-utils/-/ts-api-utils-2.4.0.tgz 0ms (cache hit)
471 http cache tslib@https://registry.npmjs.org/tslib/-/tslib-2.8.1.tgz 0ms (cache hit)
472 http cache tapable@https://registry.npmjs.org/tapable/-/tapable-2.3.0.tgz 0ms (cache hit)
473 http cache supports-preserve-symlinks-flag@https://registry.npmjs.org/supports-preserve-symlinks-flag/-/supports-preserve-symlinks-flag-1.0.0.tgz 0ms (cache hit)
474 http cache type-check@https://registry.npmjs.org/type-check/-/type-check-0.4.0.tgz 0ms (cache hit)
475 http cache tailwindcss@https://registry.npmjs.org/tailwindcss/-/tailwindcss-4.1.18.tgz 0ms (cache hit)
476 http cache string.prototype.trimend@https://registry.npmjs.org/string.prototype.trimend/-/string.prototype.trimend-1.0.9.tgz 0ms (cache hit)
477 http cache string.prototype.trim@https://registry.npmjs.org/string.prototype.trim/-/string.prototype.trim-1.2.10.tgz 0ms (cache hit)
478 http cache string.prototype.matchall@https://registry.npmjs.org/string.prototype.matchall/-/string.prototype.matchall-4.0.12.tgz 0ms (cache hit)
479 http cache string.prototype.repeat@https://registry.npmjs.org/string.prototype.repeat/-/string.prototype.repeat-1.0.0.tgz 0ms (cache hit)
480 http cache stable-hash@https://registry.npmjs.org/stable-hash/-/stable-hash-0.0.5.tgz 0ms (cache hit)
481 http cache string.prototype.trimstart@https://registry.npmjs.org/string.prototype.trimstart/-/string.prototype.trimstart-1.0.8.tgz 0ms (cache hit)
482 http cache source-map-js@https://registry.npmjs.org/source-map-js/-/source-map-js-1.2.1.tgz 0ms (cache hit)
483 http cache stop-iteration-iterator@https://registry.npmjs.org/stop-iteration-iterator/-/stop-iteration-iterator-1.1.0.tgz 0ms (cache hit)
484 http cache side-channel-weakmap@https://registry.npmjs.org/side-channel-weakmap/-/side-channel-weakmap-1.0.2.tgz 0ms (cache hit)
485 http cache side-channel-map@https://registry.npmjs.org/side-channel-map/-/side-channel-map-1.0.1.tgz 0ms (cache hit)
486 http cache sharp@https://registry.npmjs.org/sharp/-/sharp-0.34.5.tgz 0ms (cache hit)
487 http cache side-channel-list@https://registry.npmjs.org/side-channel-list/-/side-channel-list-1.0.0.tgz 0ms (cache hit)
488 http cache safe-push-apply@https://registry.npmjs.org/safe-push-apply/-/safe-push-apply-1.0.0.tgz 0ms (cache hit)
489 http cache set-function-name@https://registry.npmjs.org/set-function-name/-/set-function-name-2.0.2.tgz 0ms (cache hit)
490 http cache set-proto@https://registry.npmjs.org/set-proto/-/set-proto-1.0.0.tgz 0ms (cache hit)
491 http cache safe-regex-test@https://registry.npmjs.org/safe-regex-test/-/safe-regex-test-1.1.0.tgz 0ms (cache hit)
492 http cache scheduler@https://registry.npmjs.org/scheduler/-/scheduler-0.27.0.tgz 0ms (cache hit)
493 http cache react-dom@https://registry.npmjs.org/react-dom/-/react-dom-19.2.3.tgz 0ms (cache hit)
494 http cache set-function-length@https://registry.npmjs.org/set-function-length/-/set-function-length-1.2.2.tgz 0ms (cache hit)
495 http cache side-channel@https://registry.npmjs.org/side-channel/-/side-channel-1.1.0.tgz 0ms (cache hit)
496 http cache safe-array-concat@https://registry.npmjs.org/safe-array-concat/-/safe-array-concat-1.1.3.tgz 0ms (cache hit)
497 http cache resolve-pkg-maps@https://registry.npmjs.org/resolve-pkg-maps/-/resolve-pkg-maps-1.0.0.tgz 0ms (cache hit)
498 http cache regexp.prototype.flags@https://registry.npmjs.org/regexp.prototype.flags/-/regexp.prototype.flags-1.5.4.tgz 0ms (cache hit)
499 http cache prop-types@https://registry.npmjs.org/prop-types/-/prop-types-15.8.1.tgz 0ms (cache hit)
500 http cache react-is@https://registry.npmjs.org/react-is/-/react-is-16.13.1.tgz 0ms (cache hit)
501 http cache prelude-ls@https://registry.npmjs.org/prelude-ls/-/prelude-ls-1.2.1.tgz 0ms (cache hit)
502 http cache reflect.getprototypeof@https://registry.npmjs.org/reflect.getprototypeof/-/reflect.getprototypeof-1.0.10.tgz 0ms (cache hit)
503 http cache postcss@https://registry.npmjs.org/postcss/-/postcss-8.5.6.tgz 0ms (cache hit)
504 http cache own-keys@https://registry.npmjs.org/own-keys/-/own-keys-1.0.1.tgz 0ms (cache hit)
505 http cache picomatch@https://registry.npmjs.org/picomatch/-/picomatch-2.3.1.tgz 0ms (cache hit)
506 http cache optionator@https://registry.npmjs.org/optionator/-/optionator-0.9.4.tgz 0ms (cache hit)
507 http cache object.values@https://registry.npmjs.org/object.values/-/object.values-1.2.1.tgz 0ms (cache hit)
508 http cache possible-typed-array-names@https://registry.npmjs.org/possible-typed-array-names/-/possible-typed-array-names-1.1.0.tgz 0ms (cache hit)
509 http cache object.groupby@https://registry.npmjs.org/object.groupby/-/object.groupby-1.0.3.tgz 0ms (cache hit)
510 http cache object.entries@https://registry.npmjs.org/object.entries/-/object.entries-1.1.9.tgz 0ms (cache hit)
511 http cache react@https://registry.npmjs.org/react/-/react-19.2.3.tgz 0ms (cache hit)
512 http cache object.fromentries@https://registry.npmjs.org/object.fromentries/-/object.fromentries-2.0.8.tgz 0ms (cache hit)
513 http cache object.assign@https://registry.npmjs.org/object.assign/-/object.assign-4.1.7.tgz 0ms (cache hit)
514 http cache object-keys@https://registry.npmjs.org/object-keys/-/object-keys-1.1.1.tgz 0ms (cache hit)
515 http cache node-exports-info@https://registry.npmjs.org/node-exports-info/-/node-exports-info-1.6.0.tgz 0ms (cache hit)
516 http cache minimist@https://registry.npmjs.org/minimist/-/minimist-1.2.8.tgz 0ms (cache hit)
517 http cache magic-string@https://registry.npmjs.org/magic-string/-/magic-string-0.30.21.tgz 0ms (cache hit)
518 http cache language-tags@https://registry.npmjs.org/language-tags/-/language-tags-1.0.9.tgz 0ms (cache hit)
519 http cache math-intrinsics@https://registry.npmjs.org/math-intrinsics/-/math-intrinsics-1.1.0.tgz 0ms (cache hit)
520 http cache keyv@https://registry.npmjs.org/keyv/-/keyv-4.5.4.tgz 0ms (cache hit)
521 http cache lightningcss@https://registry.npmjs.org/lightningcss/-/lightningcss-1.30.2.tgz 0ms (cache hit)
522 http cache levn@https://registry.npmjs.org/levn/-/levn-0.4.1.tgz 0ms (cache hit)
523 http cache json-stable-stringify-without-jsonify@https://registry.npmjs.org/json-stable-stringify-without-jsonify/-/json-stable-stringify-without-jsonify-1.0.1.tgz 0ms (cache hit)
524 http cache json-buffer@https://registry.npmjs.org/json-buffer/-/json-buffer-3.0.1.tgz 0ms (cache hit)
525 http cache iterator.prototype@https://registry.npmjs.org/iterator.prototype/-/iterator.prototype-1.1.5.tgz 0ms (cache hit)
526 http cache isexe@https://registry.npmjs.org/isexe/-/isexe-2.0.0.tgz 0ms (cache hit)
527 http cache is-weakmap@https://registry.npmjs.org/is-weakmap/-/is-weakmap-2.0.2.tgz 0ms (cache hit)
528 http cache is-weakset@https://registry.npmjs.org/is-weakset/-/is-weakset-2.0.4.tgz 0ms (cache hit)
529 http cache is-typed-array@https://registry.npmjs.org/is-typed-array/-/is-typed-array-1.1.15.tgz 0ms (cache hit)
530 http cache is-string@https://registry.npmjs.org/is-string/-/is-string-1.1.1.tgz 0ms (cache hit)
531 http cache is-regex@https://registry.npmjs.org/is-regex/-/is-regex-1.2.1.tgz 0ms (cache hit)
532 http cache is-weakref@https://registry.npmjs.org/is-weakref/-/is-weakref-1.1.1.tgz 0ms (cache hit)
533 http cache is-set@https://registry.npmjs.org/is-set/-/is-set-2.0.3.tgz 0ms (cache hit)
534 http cache is-number-object@https://registry.npmjs.org/is-number-object/-/is-number-object-1.1.1.tgz 0ms (cache hit)
535 http cache is-symbol@https://registry.npmjs.org/is-symbol/-/is-symbol-1.1.1.tgz 0ms (cache hit)
536 http cache is-map@https://registry.npmjs.org/is-map/-/is-map-2.0.3.tgz 0ms (cache hit)
537 http cache is-shared-array-buffer@https://registry.npmjs.org/is-shared-array-buffer/-/is-shared-array-buffer-1.0.4.tgz 0ms (cache hit)
538 http cache is-negative-zero@https://registry.npmjs.org/is-negative-zero/-/is-negative-zero-2.0.3.tgz 0ms (cache hit)
539 http cache is-generator-function@https://registry.npmjs.org/is-generator-function/-/is-generator-function-1.1.2.tgz 0ms (cache hit)
540 http cache is-finalizationregistry@https://registry.npmjs.org/is-finalizationregistry/-/is-finalizationregistry-1.1.1.tgz 0ms (cache hit)
541 http cache is-data-view@https://registry.npmjs.org/is-data-view/-/is-data-view-1.0.2.tgz 0ms (cache hit)
542 http cache is-bun-module@https://registry.npmjs.org/is-bun-module/-/is-bun-module-2.0.0.tgz 0ms (cache hit)
543 http cache is-bigint@https://registry.npmjs.org/is-bigint/-/is-bigint-1.1.0.tgz 0ms (cache hit)
544 http cache is-core-module@https://registry.npmjs.org/is-core-module/-/is-core-module-2.16.1.tgz 0ms (cache hit)
545 http cache is-array-buffer@https://registry.npmjs.org/is-array-buffer/-/is-array-buffer-3.0.5.tgz 0ms (cache hit)
546 http cache is-callable@https://registry.npmjs.org/is-callable/-/is-callable-1.2.7.tgz 0ms (cache hit)
547 http cache is-date-object@https://registry.npmjs.org/is-date-object/-/is-date-object-1.1.0.tgz 0ms (cache hit)
548 http cache is-boolean-object@https://registry.npmjs.org/is-boolean-object/-/is-boolean-object-1.2.2.tgz 0ms (cache hit)
549 http cache is-async-function@https://registry.npmjs.org/is-async-function/-/is-async-function-2.1.1.tgz 0ms (cache hit)
550 http cache internal-slot@https://registry.npmjs.org/internal-slot/-/internal-slot-1.1.0.tgz 0ms (cache hit)
551 http cache hasown@https://registry.npmjs.org/hasown/-/hasown-2.0.2.tgz 0ms (cache hit)
552 http cache has-proto@https://registry.npmjs.org/has-proto/-/has-proto-1.2.0.tgz 0ms (cache hit)
553 http cache has-property-descriptors@https://registry.npmjs.org/has-property-descriptors/-/has-property-descriptors-1.0.2.tgz 0ms (cache hit)
554 http cache gopd@https://registry.npmjs.org/gopd/-/gopd-1.2.0.tgz 0ms (cache hit)
555 http cache globalthis@https://registry.npmjs.org/globalthis/-/globalthis-1.0.4.tgz 0ms (cache hit)
556 http cache has-bigints@https://registry.npmjs.org/has-bigints/-/has-bigints-1.1.0.tgz 0ms (cache hit)
557 http cache get-proto@https://registry.npmjs.org/get-proto/-/get-proto-1.0.1.tgz 0ms (cache hit)
558 http cache get-tsconfig@https://registry.npmjs.org/get-tsconfig/-/get-tsconfig-4.13.6.tgz 0ms (cache hit)
559 http cache generator-function@https://registry.npmjs.org/generator-function/-/generator-function-2.0.1.tgz 0ms (cache hit)
560 http cache gensync@https://registry.npmjs.org/gensync/-/gensync-1.0.0-beta.2.tgz 0ms (cache hit)
561 http cache functions-have-names@https://registry.npmjs.org/functions-have-names/-/functions-have-names-1.2.3.tgz 0ms (cache hit)
562 http cache get-symbol-description@https://registry.npmjs.org/get-symbol-description/-/get-symbol-description-1.1.0.tgz 0ms (cache hit)
563 http cache function.prototype.name@https://registry.npmjs.org/function.prototype.name/-/function.prototype.name-1.1.8.tgz 0ms (cache hit)
564 http cache get-intrinsic@https://registry.npmjs.org/get-intrinsic/-/get-intrinsic-1.3.0.tgz 0ms (cache hit)
565 http cache function-bind@https://registry.npmjs.org/function-bind/-/function-bind-1.1.2.tgz 0ms (cache hit)
566 http cache flatted@https://registry.npmjs.org/flatted/-/flatted-3.3.3.tgz 0ms (cache hit)
567 http cache for-each@https://registry.npmjs.org/for-each/-/for-each-0.3.5.tgz 0ms (cache hit)
568 http cache flat-cache@https://registry.npmjs.org/flat-cache/-/flat-cache-4.0.1.tgz 0ms (cache hit)
569 http cache fastq@https://registry.npmjs.org/fastq/-/fastq-1.20.1.tgz 0ms (cache hit)
570 http cache fast-deep-equal@https://registry.npmjs.org/fast-deep-equal/-/fast-deep-equal-3.1.3.tgz 0ms (cache hit)
571 http cache esquery@https://registry.npmjs.org/esquery/-/esquery-1.7.0.tgz 0ms (cache hit)
572 http cache espree@https://registry.npmjs.org/espree/-/espree-10.4.0.tgz 0ms (cache hit)
573 http cache esutils@https://registry.npmjs.org/esutils/-/esutils-2.0.3.tgz 0ms (cache hit)
574 http cache fast-json-stable-stringify@https://registry.npmjs.org/fast-json-stable-stringify/-/fast-json-stable-stringify-2.1.0.tgz 0ms (cache hit)
575 http cache eslint-visitor-keys@https://registry.npmjs.org/eslint-visitor-keys/-/eslint-visitor-keys-4.2.1.tgz 0ms (cache hit)
576 http cache eslint-import-resolver-typescript@https://registry.npmjs.org/eslint-import-resolver-typescript/-/eslint-import-resolver-typescript-3.10.1.tgz 0ms (cache hit)
577 http cache eslint-config-next@https://registry.npmjs.org/eslint-config-next/-/eslint-config-next-16.1.6.tgz 0ms (cache hit)
578 http cache escalade@https://registry.npmjs.org/escalade/-/escalade-3.2.0.tgz 0ms (cache hit)
579 http cache es-to-primitive@https://registry.npmjs.org/es-to-primitive/-/es-to-primitive-1.3.0.tgz 0ms (cache hit)
580 http cache eslint-scope@https://registry.npmjs.org/eslint-scope/-/eslint-scope-8.4.0.tgz 0ms (cache hit)
581 http cache eslint-plugin-react-hooks@https://registry.npmjs.org/eslint-plugin-react-hooks/-/eslint-plugin-react-hooks-7.0.1.tgz 0ms (cache hit)
582 http cache es-object-atoms@https://registry.npmjs.org/es-object-atoms/-/es-object-atoms-1.1.1.tgz 0ms (cache hit)
583 http cache es-errors@https://registry.npmjs.org/es-errors/-/es-errors-1.3.0.tgz 0ms (cache hit)
584 http cache es-define-property@https://registry.npmjs.org/es-define-property/-/es-define-property-1.0.1.tgz 0ms (cache hit)
585 http cache es-set-tostringtag@https://registry.npmjs.org/es-set-tostringtag/-/es-set-tostringtag-2.1.0.tgz 0ms (cache hit)
586 http cache es-shim-unscopables@https://registry.npmjs.org/es-shim-unscopables/-/es-shim-unscopables-1.1.0.tgz 0ms (cache hit)
587 http cache dunder-proto@https://registry.npmjs.org/dunder-proto/-/dunder-proto-1.0.1.tgz 0ms (cache hit)
588 http cache emoji-regex@https://registry.npmjs.org/emoji-regex/-/emoji-regex-9.2.2.tgz 0ms (cache hit)
589 http cache doctrine@https://registry.npmjs.org/doctrine/-/doctrine-2.1.0.tgz 0ms (cache hit)
590 http cache define-data-property@https://registry.npmjs.org/define-data-property/-/define-data-property-1.1.4.tgz 0ms (cache hit)
591 http cache debug@https://registry.npmjs.org/debug/-/debug-4.4.3.tgz 0ms (cache hit)
592 http cache deep-is@https://registry.npmjs.org/deep-is/-/deep-is-0.1.4.tgz 0ms (cache hit)
593 http cache detect-libc@https://registry.npmjs.org/detect-libc/-/detect-libc-2.1.2.tgz 0ms (cache hit)
594 http cache data-view-byte-length@https://registry.npmjs.org/data-view-byte-length/-/data-view-byte-length-1.0.2.tgz 0ms (cache hit)
595 http cache damerau-levenshtein@https://registry.npmjs.org/damerau-levenshtein/-/damerau-levenshtein-1.0.8.tgz 0ms (cache hit)
596 http cache define-properties@https://registry.npmjs.org/define-properties/-/define-properties-1.2.1.tgz 0ms (cache hit)
597 http cache concat-map@https://registry.npmjs.org/concat-map/-/concat-map-0.0.1.tgz 0ms (cache hit)
598 http cache chalk@https://registry.npmjs.org/chalk/-/chalk-4.1.2.tgz 0ms (cache hit)
599 http cache data-view-buffer@https://registry.npmjs.org/data-view-buffer/-/data-view-buffer-1.0.2.tgz 0ms (cache hit)
600 http cache call-bound@https://registry.npmjs.org/call-bound/-/call-bound-1.0.4.tgz 0ms (cache hit)
601 http cache data-view-byte-offset@https://registry.npmjs.org/data-view-byte-offset/-/data-view-byte-offset-1.0.1.tgz 0ms (cache hit)
602 http cache call-bind-apply-helpers@https://registry.npmjs.org/call-bind-apply-helpers/-/call-bind-apply-helpers-1.0.2.tgz 0ms (cache hit)
603 http cache braces@https://registry.npmjs.org/braces/-/braces-3.0.3.tgz 0ms (cache hit)
604 http cache balanced-match@https://registry.npmjs.org/balanced-match/-/balanced-match-1.0.2.tgz 0ms (cache hit)
605 http cache call-bind@https://registry.npmjs.org/call-bind/-/call-bind-1.0.8.tgz 0ms (cache hit)
606 http cache async-function@https://registry.npmjs.org/async-function/-/async-function-1.0.0.tgz 0ms (cache hit)
607 http cache ast-types-flow@https://registry.npmjs.org/ast-types-flow/-/ast-types-flow-0.0.8.tgz 0ms (cache hit)
608 http cache available-typed-arrays@https://registry.npmjs.org/available-typed-arrays/-/available-typed-arrays-1.0.7.tgz 0ms (cache hit)
609 http cache array.prototype.flat@https://registry.npmjs.org/array.prototype.flat/-/array.prototype.flat-1.3.3.tgz 0ms (cache hit)
610 http cache arraybuffer.prototype.slice@https://registry.npmjs.org/arraybuffer.prototype.slice/-/arraybuffer.prototype.slice-1.0.4.tgz 0ms (cache hit)
611 http cache array.prototype.findlast@https://registry.npmjs.org/array.prototype.findlast/-/array.prototype.findlast-1.2.5.tgz 0ms (cache hit)
612 http cache array.prototype.tosorted@https://registry.npmjs.org/array.prototype.tosorted/-/array.prototype.tosorted-1.1.4.tgz 0ms (cache hit)
613 http cache axe-core@https://registry.npmjs.org/axe-core/-/axe-core-4.11.1.tgz 0ms (cache hit)
614 http cache array.prototype.findlastindex@https://registry.npmjs.org/array.prototype.findlastindex/-/array.prototype.findlastindex-1.2.6.tgz 0ms (cache hit)
615 http cache array.prototype.flatmap@https://registry.npmjs.org/array.prototype.flatmap/-/array.prototype.flatmap-1.3.3.tgz 0ms (cache hit)
616 http cache argparse@https://registry.npmjs.org/argparse/-/argparse-2.0.1.tgz 0ms (cache hit)
617 http cache array-buffer-byte-length@https://registry.npmjs.org/array-buffer-byte-length/-/array-buffer-byte-length-1.0.2.tgz 0ms (cache hit)
618 http cache array-includes@https://registry.npmjs.org/array-includes/-/array-includes-3.1.9.tgz 0ms (cache hit)
619 http cache @types/react-dom@https://registry.npmjs.org/@types/react-dom/-/react-dom-19.2.3.tgz 0ms (cache hit)
620 http cache @types/react@https://registry.npmjs.org/@types/react/-/react-19.2.14.tgz 0ms (cache hit)
621 http cache @types/node@https://registry.npmjs.org/@types/node/-/node-20.19.33.tgz 0ms (cache hit)
622 http cache @tailwindcss/postcss@https://registry.npmjs.org/@tailwindcss/postcss/-/postcss-4.1.18.tgz 0ms (cache hit)
623 http cache @tailwindcss/node@https://registry.npmjs.org/@tailwindcss/node/-/node-4.1.18.tgz 0ms (cache hit)
624 http cache @next/env@https://registry.npmjs.org/@next/env/-/env-16.1.6.tgz 0ms (cache hit)
625 http cache @napi-rs/wasm-runtime@https://registry.npmjs.org/@napi-rs/wasm-runtime/-/wasm-runtime-0.2.12.tgz 0ms (cache hit)
626 http cache @jridgewell/sourcemap-codec@https://registry.npmjs.org/@jridgewell/sourcemap-codec/-/sourcemap-codec-1.5.5.tgz 0ms (cache hit)
627 http cache @jridgewell/trace-mapping@https://registry.npmjs.org/@jridgewell/trace-mapping/-/trace-mapping-0.3.31.tgz 0ms (cache hit)
628 http cache @humanwhocodes/retry@https://registry.npmjs.org/@humanwhocodes/retry/-/retry-0.4.3.tgz 0ms (cache hit)
629 http cache @jridgewell/remapping@https://registry.npmjs.org/@jridgewell/remapping/-/remapping-2.3.5.tgz 0ms (cache hit)
630 http cache @humanfs/node@https://registry.npmjs.org/@humanfs/node/-/node-0.16.7.tgz 0ms (cache hit)
631 http cache @humanwhocodes/module-importer@https://registry.npmjs.org/@humanwhocodes/module-importer/-/module-importer-1.0.1.tgz 0ms (cache hit)
632 http cache @img/sharp-darwin-arm64@https://registry.npmjs.org/@img/sharp-darwin-arm64/-/sharp-darwin-arm64-0.34.5.tgz 0ms (cache hit)
633 http cache @humanfs/core@https://registry.npmjs.org/@humanfs/core/-/core-0.19.1.tgz 0ms (cache hit)
634 http cache @emnapi/runtime@https://registry.npmjs.org/@emnapi/runtime/-/runtime-1.8.1.tgz 0ms (cache hit)
635 http cache @emnapi/wasi-threads@https://registry.npmjs.org/@emnapi/wasi-threads/-/wasi-threads-1.1.0.tgz 0ms (cache hit)
636 http cache @emnapi/core@https://registry.npmjs.org/@emnapi/core/-/core-1.8.1.tgz 0ms (cache hit)
637 http cache @babel/helper-globals@https://registry.npmjs.org/@babel/helper-globals/-/helper-globals-7.28.0.tgz 0ms (cache hit)
638 http cache @babel/helper-validator-option@https://registry.npmjs.org/@babel/helper-validator-option/-/helper-validator-option-7.27.1.tgz 0ms (cache hit)
639 http cache @babel/template@https://registry.npmjs.org/@babel/template/-/template-7.28.6.tgz 0ms (cache hit)
640 http cache @babel/helper-validator-identifier@https://registry.npmjs.org/@babel/helper-validator-identifier/-/helper-validator-identifier-7.28.5.tgz 0ms (cache hit)
641 http cache @babel/helper-string-parser@https://registry.npmjs.org/@babel/helper-string-parser/-/helper-string-parser-7.27.1.tgz 0ms (cache hit)
642 http cache @babel/helper-compilation-targets@https://registry.npmjs.org/@babel/helper-compilation-targets/-/helper-compilation-targets-7.28.6.tgz 0ms (cache hit)
643 http cache @babel/helper-module-imports@https://registry.npmjs.org/@babel/helper-module-imports/-/helper-module-imports-7.28.6.tgz 0ms (cache hit)
644 http cache @babel/code-frame@https://registry.npmjs.org/@babel/code-frame/-/code-frame-7.29.0.tgz 0ms (cache hit)
645 http cache @babel/compat-data@https://registry.npmjs.org/@babel/compat-data/-/compat-data-7.29.0.tgz 0ms (cache hit)
646 http cache picomatch@https://registry.npmjs.org/picomatch/-/picomatch-4.0.3.tgz 0ms (cache hit)
647 http cache fdir@https://registry.npmjs.org/fdir/-/fdir-6.5.0.tgz 0ms (cache hit)
648 http cache @babel/helper-module-transforms@https://registry.npmjs.org/@babel/helper-module-transforms/-/helper-module-transforms-7.28.6.tgz 0ms (cache hit)
649 http cache postcss@https://registry.npmjs.org/postcss/-/postcss-8.4.31.tgz 0ms (cache hit)
650 http cache debug@https://registry.npmjs.org/debug/-/debug-3.2.7.tgz 0ms (cache hit)
651 http cache debug@https://registry.npmjs.org/debug/-/debug-3.2.7.tgz 0ms (cache hit)
652 http cache debug@https://registry.npmjs.org/debug/-/debug-3.2.7.tgz 0ms (cache hit)
653 http cache brace-expansion@https://registry.npmjs.org/brace-expansion/-/brace-expansion-2.0.2.tgz 0ms (cache hit)
654 http cache eslint-visitor-keys@https://registry.npmjs.org/eslint-visitor-keys/-/eslint-visitor-keys-5.0.0.tgz 0ms (cache hit)
655 http cache eslint-visitor-keys@https://registry.npmjs.org/eslint-visitor-keys/-/eslint-visitor-keys-3.4.3.tgz 0ms (cache hit)
656 silly tarball no local data for which-typed-array@https://registry.npmjs.org/which-typed-array/-/which-typed-array-1.1.20.tgz. Extracting by manifest.
657 silly tarball no local data for which-collection@https://registry.npmjs.org/which-collection/-/which-collection-1.0.2.tgz. Extracting by manifest.
658 silly tarball no local data for zod-validation-error@https://registry.npmjs.org/zod-validation-error/-/zod-validation-error-4.0.2.tgz. Extracting by manifest.
659 silly tarball no local data for which-boxed-primitive@https://registry.npmjs.org/which-boxed-primitive/-/which-boxed-primitive-1.1.1.tgz. Extracting by manifest.
660 silly tarball no local data for which-builtin-type@https://registry.npmjs.org/which-builtin-type/-/which-builtin-type-1.2.1.tgz. Extracting by manifest.
661 silly tarball no local data for typed-array-length@https://registry.npmjs.org/typed-array-length/-/typed-array-length-1.0.7.tgz. Extracting by manifest.
662 http cache which@https://registry.npmjs.org/which/-/which-2.0.2.tgz 0ms (cache hit)
663 silly tarball no local data for unbox-primitive@https://registry.npmjs.org/unbox-primitive/-/unbox-primitive-1.1.0.tgz. Extracting by manifest.
664 silly tarball no local data for typed-array-byte-offset@https://registry.npmjs.org/typed-array-byte-offset/-/typed-array-byte-offset-1.0.4.tgz. Extracting by manifest.
665 silly tarball no local data for typed-array-buffer@https://registry.npmjs.org/typed-array-buffer/-/typed-array-buffer-1.0.3.tgz. Extracting by manifest.
666 silly tarball no local data for typed-array-byte-length@https://registry.npmjs.org/typed-array-byte-length/-/typed-array-byte-length-1.0.3.tgz. Extracting by manifest.
667 silly tarball no local data for tinyglobby@https://registry.npmjs.org/tinyglobby/-/tinyglobby-0.2.15.tgz. Extracting by manifest.
668 silly tarball no local data for ts-api-utils@https://registry.npmjs.org/ts-api-utils/-/ts-api-utils-2.4.0.tgz. Extracting by manifest.
669 silly tarball no local data for tslib@https://registry.npmjs.org/tslib/-/tslib-2.8.1.tgz. Extracting by manifest.
670 silly tarball no local data for tapable@https://registry.npmjs.org/tapable/-/tapable-2.3.0.tgz. Extracting by manifest.
671 silly tarball no local data for supports-preserve-symlinks-flag@https://registry.npmjs.org/supports-preserve-symlinks-flag/-/supports-preserve-symlinks-flag-1.0.0.tgz. Extracting by manifest.
672 silly tarball no local data for type-check@https://registry.npmjs.org/type-check/-/type-check-0.4.0.tgz. Extracting by manifest.
673 silly tarball no local data for tailwindcss@https://registry.npmjs.org/tailwindcss/-/tailwindcss-4.1.18.tgz. Extracting by manifest.
674 silly tarball no local data for string.prototype.trimend@https://registry.npmjs.org/string.prototype.trimend/-/string.prototype.trimend-1.0.9.tgz. Extracting by manifest.
675 silly tarball no local data for string.prototype.trim@https://registry.npmjs.org/string.prototype.trim/-/string.prototype.trim-1.2.10.tgz. Extracting by manifest.
676 silly tarball no local data for string.prototype.matchall@https://registry.npmjs.org/string.prototype.matchall/-/string.prototype.matchall-4.0.12.tgz. Extracting by manifest.
677 silly tarball no local data for string.prototype.repeat@https://registry.npmjs.org/string.prototype.repeat/-/string.prototype.repeat-1.0.0.tgz. Extracting by manifest.
678 silly tarball no local data for stable-hash@https://registry.npmjs.org/stable-hash/-/stable-hash-0.0.5.tgz. Extracting by manifest.
679 silly tarball no local data for string.prototype.trimstart@https://registry.npmjs.org/string.prototype.trimstart/-/string.prototype.trimstart-1.0.8.tgz. Extracting by manifest.
680 silly tarball no local data for source-map-js@https://registry.npmjs.org/source-map-js/-/source-map-js-1.2.1.tgz. Extracting by manifest.
681 silly tarball no local data for stop-iteration-iterator@https://registry.npmjs.org/stop-iteration-iterator/-/stop-iteration-iterator-1.1.0.tgz. Extracting by manifest.
682 silly tarball no local data for side-channel-weakmap@https://registry.npmjs.org/side-channel-weakmap/-/side-channel-weakmap-1.0.2.tgz. Extracting by manifest.
683 silly tarball no local data for side-channel-map@https://registry.npmjs.org/side-channel-map/-/side-channel-map-1.0.1.tgz. Extracting by manifest.
684 silly tarball no local data for sharp@https://registry.npmjs.org/sharp/-/sharp-0.34.5.tgz. Extracting by manifest.
685 silly tarball no local data for side-channel-list@https://registry.npmjs.org/side-channel-list/-/side-channel-list-1.0.0.tgz. Extracting by manifest.
686 silly tarball no local data for safe-push-apply@https://registry.npmjs.org/safe-push-apply/-/safe-push-apply-1.0.0.tgz. Extracting by manifest.
687 silly tarball no local data for set-function-name@https://registry.npmjs.org/set-function-name/-/set-function-name-2.0.2.tgz. Extracting by manifest.
688 silly tarball no local data for set-proto@https://registry.npmjs.org/set-proto/-/set-proto-1.0.0.tgz. Extracting by manifest.
689 silly tarball no local data for safe-regex-test@https://registry.npmjs.org/safe-regex-test/-/safe-regex-test-1.1.0.tgz. Extracting by manifest.
690 silly tarball no local data for scheduler@https://registry.npmjs.org/scheduler/-/scheduler-0.27.0.tgz. Extracting by manifest.
691 silly tarball no local data for react-dom@https://registry.npmjs.org/react-dom/-/react-dom-19.2.3.tgz. Extracting by manifest.
692 silly tarball no local data for set-function-length@https://registry.npmjs.org/set-function-length/-/set-function-length-1.2.2.tgz. Extracting by manifest.
693 silly tarball no local data for side-channel@https://registry.npmjs.org/side-channel/-/side-channel-1.1.0.tgz. Extracting by manifest.
694 silly tarball no local data for safe-array-concat@https://registry.npmjs.org/safe-array-concat/-/safe-array-concat-1.1.3.tgz. Extracting by manifest.
695 silly tarball no local data for resolve-pkg-maps@https://registry.npmjs.org/resolve-pkg-maps/-/resolve-pkg-maps-1.0.0.tgz. Extracting by manifest.
696 silly tarball no local data for regexp.prototype.flags@https://registry.npmjs.org/regexp.prototype.flags/-/regexp.prototype.flags-1.5.4.tgz. Extracting by manifest.
697 silly tarball no local data for prop-types@https://registry.npmjs.org/prop-types/-/prop-types-15.8.1.tgz. Extracting by manifest.
698 http cache semver@https://registry.npmjs.org/semver/-/semver-6.3.1.tgz 0ms (cache hit)
699 silly tarball no local data for react-is@https://registry.npmjs.org/react-is/-/react-is-16.13.1.tgz. Extracting by manifest.
700 silly tarball no local data for prelude-ls@https://registry.npmjs.org/prelude-ls/-/prelude-ls-1.2.1.tgz. Extracting by manifest.
701 silly tarball no local data for reflect.getprototypeof@https://registry.npmjs.org/reflect.getprototypeof/-/reflect.getprototypeof-1.0.10.tgz. Extracting by manifest.
702 silly tarball no local data for postcss@https://registry.npmjs.org/postcss/-/postcss-8.5.6.tgz. Extracting by manifest.
703 silly tarball no local data for own-keys@https://registry.npmjs.org/own-keys/-/own-keys-1.0.1.tgz. Extracting by manifest.
704 silly tarball no local data for picomatch@https://registry.npmjs.org/picomatch/-/picomatch-2.3.1.tgz. Extracting by manifest.
705 silly tarball no local data for optionator@https://registry.npmjs.org/optionator/-/optionator-0.9.4.tgz. Extracting by manifest.
706 silly tarball no local data for object.values@https://registry.npmjs.org/object.values/-/object.values-1.2.1.tgz. Extracting by manifest.
707 silly tarball no local data for possible-typed-array-names@https://registry.npmjs.org/possible-typed-array-names/-/possible-typed-array-names-1.1.0.tgz. Extracting by manifest.
708 silly tarball no local data for object.groupby@https://registry.npmjs.org/object.groupby/-/object.groupby-1.0.3.tgz. Extracting by manifest.
709 silly tarball no local data for object.entries@https://registry.npmjs.org/object.entries/-/object.entries-1.1.9.tgz. Extracting by manifest.
710 silly tarball no local data for react@https://registry.npmjs.org/react/-/react-19.2.3.tgz. Extracting by manifest.
711 silly tarball no local data for object.fromentries@https://registry.npmjs.org/object.fromentries/-/object.fromentries-2.0.8.tgz. Extracting by manifest.
712 silly tarball no local data for object.assign@https://registry.npmjs.org/object.assign/-/object.assign-4.1.7.tgz. Extracting by manifest.
713 http cache napi-postinstall@https://registry.npmjs.org/napi-postinstall/-/napi-postinstall-0.3.4.tgz 0ms (cache hit)
714 http cache nanoid@https://registry.npmjs.org/nanoid/-/nanoid-3.3.11.tgz 0ms (cache hit)
715 silly tarball no local data for object-keys@https://registry.npmjs.org/object-keys/-/object-keys-1.1.1.tgz. Extracting by manifest.
716 silly tarball no local data for node-exports-info@https://registry.npmjs.org/node-exports-info/-/node-exports-info-1.6.0.tgz. Extracting by manifest.
717 silly tarball no local data for minimist@https://registry.npmjs.org/minimist/-/minimist-1.2.8.tgz. Extracting by manifest.
718 silly tarball no local data for magic-string@https://registry.npmjs.org/magic-string/-/magic-string-0.30.21.tgz. Extracting by manifest.
719 silly tarball no local data for language-tags@https://registry.npmjs.org/language-tags/-/language-tags-1.0.9.tgz. Extracting by manifest.
720 silly tarball no local data for math-intrinsics@https://registry.npmjs.org/math-intrinsics/-/math-intrinsics-1.1.0.tgz. Extracting by manifest.
721 silly tarball no local data for keyv@https://registry.npmjs.org/keyv/-/keyv-4.5.4.tgz. Extracting by manifest.
722 silly tarball no local data for lightningcss@https://registry.npmjs.org/lightningcss/-/lightningcss-1.30.2.tgz. Extracting by manifest.
723 silly tarball no local data for json-stable-stringify-without-jsonify@https://registry.npmjs.org/json-stable-stringify-without-jsonify/-/json-stable-stringify-without-jsonify-1.0.1.tgz. Extracting by manifest.
724 silly tarball no local data for json-buffer@https://registry.npmjs.org/json-buffer/-/json-buffer-3.0.1.tgz. Extracting by manifest.
725 silly tarball no local data for levn@https://registry.npmjs.org/levn/-/levn-0.4.1.tgz. Extracting by manifest.
726 http cache jsesc@https://registry.npmjs.org/jsesc/-/jsesc-3.1.0.tgz 0ms (cache hit)
727 silly tarball no local data for iterator.prototype@https://registry.npmjs.org/iterator.prototype/-/iterator.prototype-1.1.5.tgz. Extracting by manifest.
728 silly tarball no local data for isexe@https://registry.npmjs.org/isexe/-/isexe-2.0.0.tgz. Extracting by manifest.
729 silly tarball no local data for is-weakmap@https://registry.npmjs.org/is-weakmap/-/is-weakmap-2.0.2.tgz. Extracting by manifest.
730 silly tarball no local data for is-weakset@https://registry.npmjs.org/is-weakset/-/is-weakset-2.0.4.tgz. Extracting by manifest.
731 silly tarball no local data for is-typed-array@https://registry.npmjs.org/is-typed-array/-/is-typed-array-1.1.15.tgz. Extracting by manifest.
732 silly tarball no local data for is-string@https://registry.npmjs.org/is-string/-/is-string-1.1.1.tgz. Extracting by manifest.
733 silly tarball no local data for is-regex@https://registry.npmjs.org/is-regex/-/is-regex-1.2.1.tgz. Extracting by manifest.
734 silly tarball no local data for is-weakref@https://registry.npmjs.org/is-weakref/-/is-weakref-1.1.1.tgz. Extracting by manifest.
735 silly tarball no local data for is-set@https://registry.npmjs.org/is-set/-/is-set-2.0.3.tgz. Extracting by manifest.
736 silly tarball no local data for is-number-object@https://registry.npmjs.org/is-number-object/-/is-number-object-1.1.1.tgz. Extracting by manifest.
737 silly tarball no local data for is-symbol@https://registry.npmjs.org/is-symbol/-/is-symbol-1.1.1.tgz. Extracting by manifest.
738 silly tarball no local data for is-map@https://registry.npmjs.org/is-map/-/is-map-2.0.3.tgz. Extracting by manifest.
739 silly tarball no local data for is-shared-array-buffer@https://registry.npmjs.org/is-shared-array-buffer/-/is-shared-array-buffer-1.0.4.tgz. Extracting by manifest.
740 silly tarball no local data for is-negative-zero@https://registry.npmjs.org/is-negative-zero/-/is-negative-zero-2.0.3.tgz. Extracting by manifest.
741 silly tarball no local data for is-generator-function@https://registry.npmjs.org/is-generator-function/-/is-generator-function-1.1.2.tgz. Extracting by manifest.
742 silly tarball no local data for is-data-view@https://registry.npmjs.org/is-data-view/-/is-data-view-1.0.2.tgz. Extracting by manifest.
743 silly tarball no local data for is-finalizationregistry@https://registry.npmjs.org/is-finalizationregistry/-/is-finalizationregistry-1.1.1.tgz. Extracting by manifest.
744 silly tarball no local data for is-bun-module@https://registry.npmjs.org/is-bun-module/-/is-bun-module-2.0.0.tgz. Extracting by manifest.
745 silly tarball no local data for is-bigint@https://registry.npmjs.org/is-bigint/-/is-bigint-1.1.0.tgz. Extracting by manifest.
746 silly tarball no local data for is-core-module@https://registry.npmjs.org/is-core-module/-/is-core-module-2.16.1.tgz. Extracting by manifest.
747 silly tarball no local data for is-array-buffer@https://registry.npmjs.org/is-array-buffer/-/is-array-buffer-3.0.5.tgz. Extracting by manifest.
748 silly tarball no local data for is-date-object@https://registry.npmjs.org/is-date-object/-/is-date-object-1.1.0.tgz. Extracting by manifest.
749 silly tarball no local data for is-callable@https://registry.npmjs.org/is-callable/-/is-callable-1.2.7.tgz. Extracting by manifest.
750 silly tarball no local data for is-boolean-object@https://registry.npmjs.org/is-boolean-object/-/is-boolean-object-1.2.2.tgz. Extracting by manifest.
751 silly tarball no local data for is-async-function@https://registry.npmjs.org/is-async-function/-/is-async-function-2.1.1.tgz. Extracting by manifest.
752 http cache json5@https://registry.npmjs.org/json5/-/json5-2.2.3.tgz 0ms (cache hit)
753 http cache jiti@https://registry.npmjs.org/jiti/-/jiti-2.6.1.tgz 0ms (cache hit)
754 silly tarball no local data for internal-slot@https://registry.npmjs.org/internal-slot/-/internal-slot-1.1.0.tgz. Extracting by manifest.
755 silly tarball no local data for hasown@https://registry.npmjs.org/hasown/-/hasown-2.0.2.tgz. Extracting by manifest.
756 silly tarball no local data for has-proto@https://registry.npmjs.org/has-proto/-/has-proto-1.2.0.tgz. Extracting by manifest.
757 silly tarball no local data for has-property-descriptors@https://registry.npmjs.org/has-property-descriptors/-/has-property-descriptors-1.0.2.tgz. Extracting by manifest.
758 silly tarball no local data for gopd@https://registry.npmjs.org/gopd/-/gopd-1.2.0.tgz. Extracting by manifest.
759 silly tarball no local data for globalthis@https://registry.npmjs.org/globalthis/-/globalthis-1.0.4.tgz. Extracting by manifest.
760 silly tarball no local data for has-bigints@https://registry.npmjs.org/has-bigints/-/has-bigints-1.1.0.tgz. Extracting by manifest.
761 silly tarball no local data for get-proto@https://registry.npmjs.org/get-proto/-/get-proto-1.0.1.tgz. Extracting by manifest.
762 silly tarball no local data for generator-function@https://registry.npmjs.org/generator-function/-/generator-function-2.0.1.tgz. Extracting by manifest.
763 silly tarball no local data for get-tsconfig@https://registry.npmjs.org/get-tsconfig/-/get-tsconfig-4.13.6.tgz. Extracting by manifest.
764 silly tarball no local data for functions-have-names@https://registry.npmjs.org/functions-have-names/-/functions-have-names-1.2.3.tgz. Extracting by manifest.
765 silly tarball no local data for gensync@https://registry.npmjs.org/gensync/-/gensync-1.0.0-beta.2.tgz. Extracting by manifest.
766 silly tarball no local data for get-symbol-description@https://registry.npmjs.org/get-symbol-description/-/get-symbol-description-1.1.0.tgz. Extracting by manifest.
767 silly tarball no local data for get-intrinsic@https://registry.npmjs.org/get-intrinsic/-/get-intrinsic-1.3.0.tgz. Extracting by manifest.
768 silly tarball no local data for function.prototype.name@https://registry.npmjs.org/function.prototype.name/-/function.prototype.name-1.1.8.tgz. Extracting by manifest.
769 silly tarball no local data for flatted@https://registry.npmjs.org/flatted/-/flatted-3.3.3.tgz. Extracting by manifest.
770 silly tarball no local data for function-bind@https://registry.npmjs.org/function-bind/-/function-bind-1.1.2.tgz. Extracting by manifest.
771 silly tarball no local data for flat-cache@https://registry.npmjs.org/flat-cache/-/flat-cache-4.0.1.tgz. Extracting by manifest.
772 silly tarball no local data for fastq@https://registry.npmjs.org/fastq/-/fastq-1.20.1.tgz. Extracting by manifest.
773 silly tarball no local data for for-each@https://registry.npmjs.org/for-each/-/for-each-0.3.5.tgz. Extracting by manifest.
774 silly tarball no local data for fast-deep-equal@https://registry.npmjs.org/fast-deep-equal/-/fast-deep-equal-3.1.3.tgz. Extracting by manifest.
775 silly tarball no local data for espree@https://registry.npmjs.org/espree/-/espree-10.4.0.tgz. Extracting by manifest.
776 silly tarball no local data for esquery@https://registry.npmjs.org/esquery/-/esquery-1.7.0.tgz. Extracting by manifest.
777 silly tarball no local data for esutils@https://registry.npmjs.org/esutils/-/esutils-2.0.3.tgz. Extracting by manifest.
778 silly tarball no local data for fast-json-stable-stringify@https://registry.npmjs.org/fast-json-stable-stringify/-/fast-json-stable-stringify-2.1.0.tgz. Extracting by manifest.
779 silly tarball no local data for eslint-visitor-keys@https://registry.npmjs.org/eslint-visitor-keys/-/eslint-visitor-keys-4.2.1.tgz. Extracting by manifest.
780 silly tarball no local data for eslint-import-resolver-typescript@https://registry.npmjs.org/eslint-import-resolver-typescript/-/eslint-import-resolver-typescript-3.10.1.tgz. Extracting by manifest.
781 silly tarball no local data for eslint-config-next@https://registry.npmjs.org/eslint-config-next/-/eslint-config-next-16.1.6.tgz. Extracting by manifest.
782 silly tarball no local data for escalade@https://registry.npmjs.org/escalade/-/escalade-3.2.0.tgz. Extracting by manifest.
783 silly tarball no local data for es-to-primitive@https://registry.npmjs.org/es-to-primitive/-/es-to-primitive-1.3.0.tgz. Extracting by manifest.
784 silly tarball no local data for eslint-scope@https://registry.npmjs.org/eslint-scope/-/eslint-scope-8.4.0.tgz. Extracting by manifest.
785 silly tarball no local data for eslint-plugin-react-hooks@https://registry.npmjs.org/eslint-plugin-react-hooks/-/eslint-plugin-react-hooks-7.0.1.tgz. Extracting by manifest.
786 silly tarball no local data for es-object-atoms@https://registry.npmjs.org/es-object-atoms/-/es-object-atoms-1.1.1.tgz. Extracting by manifest.
787 silly tarball no local data for es-errors@https://registry.npmjs.org/es-errors/-/es-errors-1.3.0.tgz. Extracting by manifest.
788 silly tarball no local data for es-define-property@https://registry.npmjs.org/es-define-property/-/es-define-property-1.0.1.tgz. Extracting by manifest.
789 silly tarball no local data for es-set-tostringtag@https://registry.npmjs.org/es-set-tostringtag/-/es-set-tostringtag-2.1.0.tgz. Extracting by manifest.
790 silly tarball no local data for es-shim-unscopables@https://registry.npmjs.org/es-shim-unscopables/-/es-shim-unscopables-1.1.0.tgz. Extracting by manifest.
791 silly tarball no local data for dunder-proto@https://registry.npmjs.org/dunder-proto/-/dunder-proto-1.0.1.tgz. Extracting by manifest.
792 silly tarball no local data for emoji-regex@https://registry.npmjs.org/emoji-regex/-/emoji-regex-9.2.2.tgz. Extracting by manifest.
793 silly tarball no local data for doctrine@https://registry.npmjs.org/doctrine/-/doctrine-2.1.0.tgz. Extracting by manifest.
794 silly tarball no local data for define-data-property@https://registry.npmjs.org/define-data-property/-/define-data-property-1.1.4.tgz. Extracting by manifest.
795 silly tarball no local data for debug@https://registry.npmjs.org/debug/-/debug-4.4.3.tgz. Extracting by manifest.
796 silly tarball no local data for deep-is@https://registry.npmjs.org/deep-is/-/deep-is-0.1.4.tgz. Extracting by manifest.
797 silly tarball no local data for detect-libc@https://registry.npmjs.org/detect-libc/-/detect-libc-2.1.2.tgz. Extracting by manifest.
798 silly tarball no local data for data-view-byte-length@https://registry.npmjs.org/data-view-byte-length/-/data-view-byte-length-1.0.2.tgz. Extracting by manifest.
799 silly tarball no local data for damerau-levenshtein@https://registry.npmjs.org/damerau-levenshtein/-/damerau-levenshtein-1.0.8.tgz. Extracting by manifest.
800 silly tarball no local data for define-properties@https://registry.npmjs.org/define-properties/-/define-properties-1.2.1.tgz. Extracting by manifest.
801 silly tarball no local data for chalk@https://registry.npmjs.org/chalk/-/chalk-4.1.2.tgz. Extracting by manifest.
802 silly tarball no local data for concat-map@https://registry.npmjs.org/concat-map/-/concat-map-0.0.1.tgz. Extracting by manifest.
803 silly tarball no local data for data-view-buffer@https://registry.npmjs.org/data-view-buffer/-/data-view-buffer-1.0.2.tgz. Extracting by manifest.
804 silly tarball no local data for call-bound@https://registry.npmjs.org/call-bound/-/call-bound-1.0.4.tgz. Extracting by manifest.
805 silly tarball no local data for data-view-byte-offset@https://registry.npmjs.org/data-view-byte-offset/-/data-view-byte-offset-1.0.1.tgz. Extracting by manifest.
806 silly tarball no local data for call-bind-apply-helpers@https://registry.npmjs.org/call-bind-apply-helpers/-/call-bind-apply-helpers-1.0.2.tgz. Extracting by manifest.
807 silly tarball no local data for braces@https://registry.npmjs.org/braces/-/braces-3.0.3.tgz. Extracting by manifest.
808 silly tarball no local data for balanced-match@https://registry.npmjs.org/balanced-match/-/balanced-match-1.0.2.tgz. Extracting by manifest.
809 silly tarball no local data for call-bind@https://registry.npmjs.org/call-bind/-/call-bind-1.0.8.tgz. Extracting by manifest.
810 silly tarball no local data for async-function@https://registry.npmjs.org/async-function/-/async-function-1.0.0.tgz. Extracting by manifest.
811 silly tarball no local data for ast-types-flow@https://registry.npmjs.org/ast-types-flow/-/ast-types-flow-0.0.8.tgz. Extracting by manifest.
812 silly tarball no local data for available-typed-arrays@https://registry.npmjs.org/available-typed-arrays/-/available-typed-arrays-1.0.7.tgz. Extracting by manifest.
813 silly tarball no local data for array.prototype.flat@https://registry.npmjs.org/array.prototype.flat/-/array.prototype.flat-1.3.3.tgz. Extracting by manifest.
814 silly tarball no local data for arraybuffer.prototype.slice@https://registry.npmjs.org/arraybuffer.prototype.slice/-/arraybuffer.prototype.slice-1.0.4.tgz. Extracting by manifest.
815 silly tarball no local data for array.prototype.findlast@https://registry.npmjs.org/array.prototype.findlast/-/array.prototype.findlast-1.2.5.tgz. Extracting by manifest.
816 silly tarball no local data for array.prototype.tosorted@https://registry.npmjs.org/array.prototype.tosorted/-/array.prototype.tosorted-1.1.4.tgz. Extracting by manifest.
817 silly tarball no local data for axe-core@https://registry.npmjs.org/axe-core/-/axe-core-4.11.1.tgz. Extracting by manifest.
818 silly tarball no local data for array.prototype.findlastindex@https://registry.npmjs.org/array.prototype.findlastindex/-/array.prototype.findlastindex-1.2.6.tgz. Extracting by manifest.
819 silly tarball no local data for array.prototype.flatmap@https://registry.npmjs.org/array.prototype.flatmap/-/array.prototype.flatmap-1.3.3.tgz. Extracting by manifest.
820 silly tarball no local data for array-buffer-byte-length@https://registry.npmjs.org/array-buffer-byte-length/-/array-buffer-byte-length-1.0.2.tgz. Extracting by manifest.
821 silly tarball no local data for argparse@https://registry.npmjs.org/argparse/-/argparse-2.0.1.tgz. Extracting by manifest.
822 http cache baseline-browser-mapping@https://registry.npmjs.org/baseline-browser-mapping/-/baseline-browser-mapping-2.9.19.tgz 0ms (cache hit)
823 silly tarball no local data for array-includes@https://registry.npmjs.org/array-includes/-/array-includes-3.1.9.tgz. Extracting by manifest.
824 http cache acorn@https://registry.npmjs.org/acorn/-/acorn-8.15.0.tgz 0ms (cache hit)
825 silly tarball no local data for @types/react-dom@https://registry.npmjs.org/@types/react-dom/-/react-dom-19.2.3.tgz. Extracting by manifest.
826 silly tarball no local data for @types/react@https://registry.npmjs.org/@types/react/-/react-19.2.14.tgz. Extracting by manifest.
827 silly tarball no local data for @types/node@https://registry.npmjs.org/@types/node/-/node-20.19.33.tgz. Extracting by manifest.
828 silly tarball no local data for @tailwindcss/postcss@https://registry.npmjs.org/@tailwindcss/postcss/-/postcss-4.1.18.tgz. Extracting by manifest.
829 silly tarball no local data for @tailwindcss/node@https://registry.npmjs.org/@tailwindcss/node/-/node-4.1.18.tgz. Extracting by manifest.
830 silly tarball no local data for @next/env@https://registry.npmjs.org/@next/env/-/env-16.1.6.tgz. Extracting by manifest.
831 silly tarball no local data for @napi-rs/wasm-runtime@https://registry.npmjs.org/@napi-rs/wasm-runtime/-/wasm-runtime-0.2.12.tgz. Extracting by manifest.
832 silly tarball no local data for @jridgewell/sourcemap-codec@https://registry.npmjs.org/@jridgewell/sourcemap-codec/-/sourcemap-codec-1.5.5.tgz. Extracting by manifest.
833 silly tarball no local data for @jridgewell/trace-mapping@https://registry.npmjs.org/@jridgewell/trace-mapping/-/trace-mapping-0.3.31.tgz. Extracting by manifest.
834 silly tarball no local data for @humanwhocodes/retry@https://registry.npmjs.org/@humanwhocodes/retry/-/retry-0.4.3.tgz. Extracting by manifest.
835 silly tarball no local data for @jridgewell/remapping@https://registry.npmjs.org/@jridgewell/remapping/-/remapping-2.3.5.tgz. Extracting by manifest.
836 silly tarball no local data for @humanfs/node@https://registry.npmjs.org/@humanfs/node/-/node-0.16.7.tgz. Extracting by manifest.
837 silly tarball no local data for @humanwhocodes/module-importer@https://registry.npmjs.org/@humanwhocodes/module-importer/-/module-importer-1.0.1.tgz. Extracting by manifest.
838 silly tarball no local data for @img/sharp-darwin-arm64@https://registry.npmjs.org/@img/sharp-darwin-arm64/-/sharp-darwin-arm64-0.34.5.tgz. Extracting by manifest.
839 silly tarball no local data for @humanfs/core@https://registry.npmjs.org/@humanfs/core/-/core-0.19.1.tgz. Extracting by manifest.
840 silly tarball no local data for @emnapi/runtime@https://registry.npmjs.org/@emnapi/runtime/-/runtime-1.8.1.tgz. Extracting by manifest.
841 silly tarball no local data for @emnapi/wasi-threads@https://registry.npmjs.org/@emnapi/wasi-threads/-/wasi-threads-1.1.0.tgz. Extracting by manifest.
842 silly tarball no local data for @emnapi/core@https://registry.npmjs.org/@emnapi/core/-/core-1.8.1.tgz. Extracting by manifest.
843 silly tarball no local data for @babel/helper-globals@https://registry.npmjs.org/@babel/helper-globals/-/helper-globals-7.28.0.tgz. Extracting by manifest.
844 silly tarball no local data for @babel/helper-validator-option@https://registry.npmjs.org/@babel/helper-validator-option/-/helper-validator-option-7.27.1.tgz. Extracting by manifest.
845 silly tarball no local data for @babel/template@https://registry.npmjs.org/@babel/template/-/template-7.28.6.tgz. Extracting by manifest.
846 silly tarball no local data for @babel/helper-validator-identifier@https://registry.npmjs.org/@babel/helper-validator-identifier/-/helper-validator-identifier-7.28.5.tgz. Extracting by manifest.
847 silly tarball no local data for @babel/helper-string-parser@https://registry.npmjs.org/@babel/helper-string-parser/-/helper-string-parser-7.27.1.tgz. Extracting by manifest.
848 silly tarball no local data for @babel/helper-compilation-targets@https://registry.npmjs.org/@babel/helper-compilation-targets/-/helper-compilation-targets-7.28.6.tgz. Extracting by manifest.
849 silly tarball no local data for @babel/helper-module-imports@https://registry.npmjs.org/@babel/helper-module-imports/-/helper-module-imports-7.28.6.tgz. Extracting by manifest.
850 silly tarball no local data for @babel/code-frame@https://registry.npmjs.org/@babel/code-frame/-/code-frame-7.29.0.tgz. Extracting by manifest.
851 http cache @babel/parser@https://registry.npmjs.org/@babel/parser/-/parser-7.29.0.tgz 0ms (cache hit)
852 silly tarball no local data for @babel/compat-data@https://registry.npmjs.org/@babel/compat-data/-/compat-data-7.29.0.tgz. Extracting by manifest.
853 silly tarball no local data for picomatch@https://registry.npmjs.org/picomatch/-/picomatch-4.0.3.tgz. Extracting by manifest.
854 silly tarball no local data for @babel/helper-module-transforms@https://registry.npmjs.org/@babel/helper-module-transforms/-/helper-module-transforms-7.28.6.tgz. Extracting by manifest.
855 silly tarball no local data for postcss@https://registry.npmjs.org/postcss/-/postcss-8.4.31.tgz. Extracting by manifest.
856 silly tarball no local data for fdir@https://registry.npmjs.org/fdir/-/fdir-6.5.0.tgz. Extracting by manifest.
857 http cache semver@https://registry.npmjs.org/semver/-/semver-7.7.4.tgz 0ms (cache hit)
858 http cache json5@https://registry.npmjs.org/json5/-/json5-1.0.2.tgz 0ms (cache hit)
859 silly tarball no local data for debug@https://registry.npmjs.org/debug/-/debug-3.2.7.tgz. Extracting by manifest.
860 silly tarball no local data for debug@https://registry.npmjs.org/debug/-/debug-3.2.7.tgz. Extracting by manifest.
861 silly tarball no local data for debug@https://registry.npmjs.org/debug/-/debug-3.2.7.tgz. Extracting by manifest.
862 silly tarball no local data for brace-expansion@https://registry.npmjs.org/brace-expansion/-/brace-expansion-2.0.2.tgz. Extracting by manifest.
863 silly tarball no local data for eslint-visitor-keys@https://registry.npmjs.org/eslint-visitor-keys/-/eslint-visitor-keys-5.0.0.tgz. Extracting by manifest.
864 http cache semver@https://registry.npmjs.org/semver/-/semver-7.7.4.tgz 0ms (cache hit)
865 http cache semver@https://registry.npmjs.org/semver/-/semver-7.7.4.tgz 0ms (cache hit)
866 silly tarball no local data for eslint-visitor-keys@https://registry.npmjs.org/eslint-visitor-keys/-/eslint-visitor-keys-3.4.3.tgz. Extracting by manifest.
867 silly tarball no local data for which@https://registry.npmjs.org/which/-/which-2.0.2.tgz. Extracting by manifest.
868 silly tarball no local data for semver@https://registry.npmjs.org/semver/-/semver-6.3.1.tgz. Extracting by manifest.
869 silly tarball no local data for nanoid@https://registry.npmjs.org/nanoid/-/nanoid-3.3.11.tgz. Extracting by manifest.
870 silly tarball no local data for napi-postinstall@https://registry.npmjs.org/napi-postinstall/-/napi-postinstall-0.3.4.tgz. Extracting by manifest.
871 http fetch POST 200 https://registry.npmjs.org/-/npm/v1/security/advisories/bulk 441ms
872 silly audit report {
872 silly audit report   ajv: [
872 silly audit report     {
872 silly audit report       id: 1113214,
872 silly audit report       url: 'https://github.com/advisories/GHSA-2g4f-4pwh-qvx6',
872 silly audit report       title: 'ajv has ReDoS when using `$data` option',
872 silly audit report       severity: 'moderate',
872 silly audit report       vulnerable_versions: '<8.18.0',
872 silly audit report       cwe: [Array],
872 silly audit report       cvss: [Object]
872 silly audit report     }
872 silly audit report   ]
872 silly audit report }
873 silly packumentCache corgi:https://registry.npmjs.org/ajv cache-miss
874 silly tarball no local data for jsesc@https://registry.npmjs.org/jsesc/-/jsesc-3.1.0.tgz. Extracting by manifest.
875 silly tarball no local data for json5@https://registry.npmjs.org/json5/-/json5-2.2.3.tgz. Extracting by manifest.
876 silly tarball no local data for jiti@https://registry.npmjs.org/jiti/-/jiti-2.6.1.tgz. Extracting by manifest.
877 silly tarball no local data for baseline-browser-mapping@https://registry.npmjs.org/baseline-browser-mapping/-/baseline-browser-mapping-2.9.19.tgz. Extracting by manifest.
878 silly tarball no local data for acorn@https://registry.npmjs.org/acorn/-/acorn-8.15.0.tgz. Extracting by manifest.
879 silly tarball no local data for @babel/parser@https://registry.npmjs.org/@babel/parser/-/parser-7.29.0.tgz. Extracting by manifest.
880 silly tarball no local data for semver@https://registry.npmjs.org/semver/-/semver-7.7.4.tgz. Extracting by manifest.
881 silly tarball no local data for json5@https://registry.npmjs.org/json5/-/json5-1.0.2.tgz. Extracting by manifest.
882 silly tarball no local data for semver@https://registry.npmjs.org/semver/-/semver-7.7.4.tgz. Extracting by manifest.
883 silly tarball no local data for semver@https://registry.npmjs.org/semver/-/semver-7.7.4.tgz. Extracting by manifest.
884 http cache styled-jsx@https://registry.npmjs.org/styled-jsx/-/styled-jsx-5.1.6.tgz 0ms (cache hit)
885 http cache reusify@https://registry.npmjs.org/reusify/-/reusify-1.1.0.tgz 0ms (cache hit)
886 http cache string.prototype.includes@https://registry.npmjs.org/string.prototype.includes/-/string.prototype.includes-2.0.1.tgz 0ms (cache hit)
887 http cache object-inspect@https://registry.npmjs.org/object-inspect/-/object-inspect-1.13.4.tgz 0ms (cache hit)
888 http cache node-releases@https://registry.npmjs.org/node-releases/-/node-releases-2.0.27.tgz 0ms (cache hit)
889 http cache language-subtag-registry@https://registry.npmjs.org/language-subtag-registry/-/language-subtag-registry-0.3.23.tgz 0ms (cache hit)
890 http cache json-schema-traverse@https://registry.npmjs.org/json-schema-traverse/-/json-schema-traverse-0.4.1.tgz 0ms (cache hit)
891 http cache hermes-parser@https://registry.npmjs.org/hermes-parser/-/hermes-parser-0.25.1.tgz 0ms (cache hit)
892 http cache hermes-estree@https://registry.npmjs.org/hermes-estree/-/hermes-estree-0.25.1.tgz 0ms (cache hit)
893 http cache has-tostringtag@https://registry.npmjs.org/has-tostringtag/-/has-tostringtag-1.0.2.tgz 0ms (cache hit)
894 http cache has-symbols@https://registry.npmjs.org/has-symbols/-/has-symbols-1.1.0.tgz 0ms (cache hit)
895 http cache eslint-plugin-react@https://registry.npmjs.org/eslint-plugin-react/-/eslint-plugin-react-7.37.5.tgz 0ms (cache hit)
896 http cache eslint-plugin-import@https://registry.npmjs.org/eslint-plugin-import/-/eslint-plugin-import-2.32.0.tgz 0ms (cache hit)
897 http cache enhanced-resolve@https://registry.npmjs.org/enhanced-resolve/-/enhanced-resolve-5.19.0.tgz 0ms (cache hit)
898 http cache es-iterator-helpers@https://registry.npmjs.org/es-iterator-helpers/-/es-iterator-helpers-1.2.2.tgz 0ms (cache hit)
899 http cache es-abstract@https://registry.npmjs.org/es-abstract/-/es-abstract-1.24.1.tgz 0ms (cache hit)
900 http cache cross-spawn@https://registry.npmjs.org/cross-spawn/-/cross-spawn-7.0.6.tgz 0ms (cache hit)
901 http cache caniuse-lite@https://registry.npmjs.org/caniuse-lite/-/caniuse-lite-1.0.30001770.tgz 0ms (cache hit)
902 http cache ajv@https://registry.npmjs.org/ajv/-/ajv-6.12.6.tgz 0ms (cache hit)
903 http cache @swc/helpers@https://registry.npmjs.org/@swc/helpers/-/helpers-0.5.15.tgz 0ms (cache hit)
904 http cache @nodelib/fs.scandir@https://registry.npmjs.org/@nodelib/fs.scandir/-/fs.scandir-2.1.5.tgz 0ms (cache hit)
905 http cache @nodelib/fs.walk@https://registry.npmjs.org/@nodelib/fs.walk/-/fs.walk-1.2.8.tgz 0ms (cache hit)
906 http cache @nodelib/fs.stat@https://registry.npmjs.org/@nodelib/fs.stat/-/fs.stat-2.0.5.tgz 0ms (cache hit)
907 http cache @next/eslint-plugin-next@https://registry.npmjs.org/@next/eslint-plugin-next/-/eslint-plugin-next-16.1.6.tgz 0ms (cache hit)
908 http cache @jridgewell/gen-mapping@https://registry.npmjs.org/@jridgewell/gen-mapping/-/gen-mapping-0.3.13.tgz 0ms (cache hit)
909 http cache @eslint/js@https://registry.npmjs.org/@eslint/js/-/js-9.39.2.tgz 0ms (cache hit)
910 http cache @eslint/eslintrc@https://registry.npmjs.org/@eslint/eslintrc/-/eslintrc-3.3.3.tgz 0ms (cache hit)
911 http cache @eslint/plugin-kit@https://registry.npmjs.org/@eslint/plugin-kit/-/plugin-kit-0.4.1.tgz 0ms (cache hit)
912 http cache @jridgewell/resolve-uri@https://registry.npmjs.org/@jridgewell/resolve-uri/-/resolve-uri-3.1.2.tgz 0ms (cache hit)
913 http cache @eslint/core@https://registry.npmjs.org/@eslint/core/-/core-0.17.0.tgz 0ms (cache hit)
914 http cache @eslint/object-schema@https://registry.npmjs.org/@eslint/object-schema/-/object-schema-2.1.7.tgz 0ms (cache hit)
915 http cache @eslint/config-helpers@https://registry.npmjs.org/@eslint/config-helpers/-/config-helpers-0.4.2.tgz 0ms (cache hit)
916 http cache @babel/helpers@https://registry.npmjs.org/@babel/helpers/-/helpers-7.28.6.tgz 0ms (cache hit)
917 http cache @babel/generator@https://registry.npmjs.org/@babel/generator/-/generator-7.29.1.tgz 0ms (cache hit)
918 http cache minimatch@https://registry.npmjs.org/minimatch/-/minimatch-9.0.5.tgz 0ms (cache hit)
919 silly tarball no local data for styled-jsx@https://registry.npmjs.org/styled-jsx/-/styled-jsx-5.1.6.tgz. Extracting by manifest.
920 http cache typescript@https://registry.npmjs.org/typescript/-/typescript-5.9.3.tgz 0ms (cache hit)
921 silly tarball no local data for reusify@https://registry.npmjs.org/reusify/-/reusify-1.1.0.tgz. Extracting by manifest.
922 silly tarball no local data for string.prototype.includes@https://registry.npmjs.org/string.prototype.includes/-/string.prototype.includes-2.0.1.tgz. Extracting by manifest.
923 silly tarball no local data for object-inspect@https://registry.npmjs.org/object-inspect/-/object-inspect-1.13.4.tgz. Extracting by manifest.
924 silly tarball no local data for node-releases@https://registry.npmjs.org/node-releases/-/node-releases-2.0.27.tgz. Extracting by manifest.
925 silly tarball no local data for language-subtag-registry@https://registry.npmjs.org/language-subtag-registry/-/language-subtag-registry-0.3.23.tgz. Extracting by manifest.
926 silly tarball no local data for json-schema-traverse@https://registry.npmjs.org/json-schema-traverse/-/json-schema-traverse-0.4.1.tgz. Extracting by manifest.
927 silly tarball no local data for hermes-parser@https://registry.npmjs.org/hermes-parser/-/hermes-parser-0.25.1.tgz. Extracting by manifest.
928 silly tarball no local data for hermes-estree@https://registry.npmjs.org/hermes-estree/-/hermes-estree-0.25.1.tgz. Extracting by manifest.
929 silly tarball no local data for has-tostringtag@https://registry.npmjs.org/has-tostringtag/-/has-tostringtag-1.0.2.tgz. Extracting by manifest.
930 silly tarball no local data for has-symbols@https://registry.npmjs.org/has-symbols/-/has-symbols-1.1.0.tgz. Extracting by manifest.
931 http cache js-yaml@https://registry.npmjs.org/js-yaml/-/js-yaml-4.1.1.tgz 0ms (cache hit)
932 silly tarball no local data for eslint-plugin-react@https://registry.npmjs.org/eslint-plugin-react/-/eslint-plugin-react-7.37.5.tgz. Extracting by manifest.
933 silly tarball no local data for eslint-plugin-import@https://registry.npmjs.org/eslint-plugin-import/-/eslint-plugin-import-2.32.0.tgz. Extracting by manifest.
934 silly tarball no local data for enhanced-resolve@https://registry.npmjs.org/enhanced-resolve/-/enhanced-resolve-5.19.0.tgz. Extracting by manifest.
935 silly tarball no local data for es-iterator-helpers@https://registry.npmjs.org/es-iterator-helpers/-/es-iterator-helpers-1.2.2.tgz. Extracting by manifest.
936 silly tarball no local data for es-abstract@https://registry.npmjs.org/es-abstract/-/es-abstract-1.24.1.tgz. Extracting by manifest.
937 silly tarball no local data for cross-spawn@https://registry.npmjs.org/cross-spawn/-/cross-spawn-7.0.6.tgz. Extracting by manifest.
938 silly tarball no local data for caniuse-lite@https://registry.npmjs.org/caniuse-lite/-/caniuse-lite-1.0.30001770.tgz. Extracting by manifest.
939 silly tarball no local data for ajv@https://registry.npmjs.org/ajv/-/ajv-6.12.6.tgz. Extracting by manifest.
940 silly tarball no local data for @swc/helpers@https://registry.npmjs.org/@swc/helpers/-/helpers-0.5.15.tgz. Extracting by manifest.
941 silly tarball no local data for @nodelib/fs.scandir@https://registry.npmjs.org/@nodelib/fs.scandir/-/fs.scandir-2.1.5.tgz. Extracting by manifest.
942 silly tarball no local data for @nodelib/fs.walk@https://registry.npmjs.org/@nodelib/fs.walk/-/fs.walk-1.2.8.tgz. Extracting by manifest.
943 silly tarball no local data for @nodelib/fs.stat@https://registry.npmjs.org/@nodelib/fs.stat/-/fs.stat-2.0.5.tgz. Extracting by manifest.
944 silly tarball no local data for @next/eslint-plugin-next@https://registry.npmjs.org/@next/eslint-plugin-next/-/eslint-plugin-next-16.1.6.tgz. Extracting by manifest.
945 silly tarball no local data for @jridgewell/gen-mapping@https://registry.npmjs.org/@jridgewell/gen-mapping/-/gen-mapping-0.3.13.tgz. Extracting by manifest.
946 silly tarball no local data for @eslint/js@https://registry.npmjs.org/@eslint/js/-/js-9.39.2.tgz. Extracting by manifest.
947 silly tarball no local data for @eslint/eslintrc@https://registry.npmjs.org/@eslint/eslintrc/-/eslintrc-3.3.3.tgz. Extracting by manifest.
948 silly tarball no local data for @eslint/plugin-kit@https://registry.npmjs.org/@eslint/plugin-kit/-/plugin-kit-0.4.1.tgz. Extracting by manifest.
949 silly tarball no local data for @jridgewell/resolve-uri@https://registry.npmjs.org/@jridgewell/resolve-uri/-/resolve-uri-3.1.2.tgz. Extracting by manifest.
950 silly tarball no local data for @eslint/core@https://registry.npmjs.org/@eslint/core/-/core-0.17.0.tgz. Extracting by manifest.
951 silly tarball no local data for @eslint/object-schema@https://registry.npmjs.org/@eslint/object-schema/-/object-schema-2.1.7.tgz. Extracting by manifest.
952 silly tarball no local data for @eslint/config-helpers@https://registry.npmjs.org/@eslint/config-helpers/-/config-helpers-0.4.2.tgz. Extracting by manifest.
953 silly tarball no local data for @babel/helpers@https://registry.npmjs.org/@babel/helpers/-/helpers-7.28.6.tgz. Extracting by manifest.
954 silly tarball no local data for @babel/generator@https://registry.npmjs.org/@babel/generator/-/generator-7.29.1.tgz. Extracting by manifest.
955 silly tarball no local data for minimatch@https://registry.npmjs.org/minimatch/-/minimatch-9.0.5.tgz. Extracting by manifest.
956 silly tarball no local data for typescript@https://registry.npmjs.org/typescript/-/typescript-5.9.3.tgz. Extracting by manifest.
957 silly tarball no local data for js-yaml@https://registry.npmjs.org/js-yaml/-/js-yaml-4.1.1.tgz. Extracting by manifest.
958 http cache uri-js@https://registry.npmjs.org/uri-js/-/uri-js-4.4.1.tgz 0ms (cache hit)
959 http cache tsconfig-paths@https://registry.npmjs.org/tsconfig-paths/-/tsconfig-paths-3.15.0.tgz 0ms (cache hit)
960 http cache jsx-ast-utils@https://registry.npmjs.org/jsx-ast-utils/-/jsx-ast-utils-3.3.5.tgz 0ms (cache hit)
961 http cache fast-glob@https://registry.npmjs.org/fast-glob/-/fast-glob-3.3.1.tgz 0ms (cache hit)
962 http cache @tybys/wasm-util@https://registry.npmjs.org/@tybys/wasm-util/-/wasm-util-0.10.1.tgz 0ms (cache hit)
963 http cache axobject-query@https://registry.npmjs.org/axobject-query/-/axobject-query-4.1.0.tgz 0ms (cache hit)
964 http cache @eslint/config-array@https://registry.npmjs.org/@eslint/config-array/-/config-array-0.21.1.tgz 0ms (cache hit)
965 http cache @img/sharp-libvips-darwin-arm64@https://registry.npmjs.org/@img/sharp-libvips-darwin-arm64/-/sharp-libvips-darwin-arm64-1.2.4.tgz 0ms (cache hit)
966 http cache @babel/types@https://registry.npmjs.org/@babel/types/-/types-7.29.0.tgz 0ms (cache hit)
967 http cache @babel/traverse@https://registry.npmjs.org/@babel/traverse/-/traverse-7.29.0.tgz 0ms (cache hit)
968 http cache @babel/core@https://registry.npmjs.org/@babel/core/-/core-7.29.0.tgz 0ms (cache hit)
969 silly tarball no local data for uri-js@https://registry.npmjs.org/uri-js/-/uri-js-4.4.1.tgz. Extracting by manifest.
970 silly tarball no local data for tsconfig-paths@https://registry.npmjs.org/tsconfig-paths/-/tsconfig-paths-3.15.0.tgz. Extracting by manifest.
971 silly tarball no local data for jsx-ast-utils@https://registry.npmjs.org/jsx-ast-utils/-/jsx-ast-utils-3.3.5.tgz. Extracting by manifest.
972 silly tarball no local data for fast-glob@https://registry.npmjs.org/fast-glob/-/fast-glob-3.3.1.tgz. Extracting by manifest.
973 silly tarball no local data for @tybys/wasm-util@https://registry.npmjs.org/@tybys/wasm-util/-/wasm-util-0.10.1.tgz. Extracting by manifest.
974 silly tarball no local data for axobject-query@https://registry.npmjs.org/axobject-query/-/axobject-query-4.1.0.tgz. Extracting by manifest.
975 silly tarball no local data for @eslint/config-array@https://registry.npmjs.org/@eslint/config-array/-/config-array-0.21.1.tgz. Extracting by manifest.
976 silly tarball no local data for @babel/types@https://registry.npmjs.org/@babel/types/-/types-7.29.0.tgz. Extracting by manifest.
977 silly tarball no local data for @babel/traverse@https://registry.npmjs.org/@babel/traverse/-/traverse-7.29.0.tgz. Extracting by manifest.
978 silly tarball no local data for @img/sharp-libvips-darwin-arm64@https://registry.npmjs.org/@img/sharp-libvips-darwin-arm64/-/sharp-libvips-darwin-arm64-1.2.4.tgz. Extracting by manifest.
979 silly tarball no local data for @babel/core@https://registry.npmjs.org/@babel/core/-/core-7.29.0.tgz. Extracting by manifest.
980 http cache eslint-plugin-jsx-a11y@https://registry.npmjs.org/eslint-plugin-jsx-a11y/-/eslint-plugin-jsx-a11y-6.10.2.tgz 0ms (cache hit)
981 http cache aria-query@https://registry.npmjs.org/aria-query/-/aria-query-5.3.2.tgz 0ms (cache hit)
982 silly tarball no local data for eslint-plugin-jsx-a11y@https://registry.npmjs.org/eslint-plugin-jsx-a11y/-/eslint-plugin-jsx-a11y-6.10.2.tgz. Extracting by manifest.
983 silly tarball no local data for aria-query@https://registry.npmjs.org/aria-query/-/aria-query-5.3.2.tgz. Extracting by manifest.
984 http cache zod@https://registry.npmjs.org/zod/-/zod-4.3.6.tgz 0ms (cache hit)
985 silly tarball no local data for zod@https://registry.npmjs.org/zod/-/zod-4.3.6.tgz. Extracting by manifest.
986 http cache resolve@https://registry.npmjs.org/resolve/-/resolve-1.22.11.tgz 0ms (cache hit)
987 silly tarball no local data for resolve@https://registry.npmjs.org/resolve/-/resolve-1.22.11.tgz. Extracting by manifest.
988 http cache eslint@https://registry.npmjs.org/eslint/-/eslint-9.39.2.tgz 0ms (cache hit)
989 http cache resolve@https://registry.npmjs.org/resolve/-/resolve-2.0.0-next.6.tgz 0ms (cache hit)
990 silly tarball no local data for eslint@https://registry.npmjs.org/eslint/-/eslint-9.39.2.tgz. Extracting by manifest.
991 silly tarball no local data for resolve@https://registry.npmjs.org/resolve/-/resolve-2.0.0-next.6.tgz. Extracting by manifest.
992 http fetch GET 200 https://registry.npmjs.org/make-asynchronous/-/make-asynchronous-1.0.1.tgz 645ms (cache miss)
993 http fetch GET 200 https://registry.npmjs.org/strip-final-newline/-/strip-final-newline-3.0.0.tgz 645ms (cache miss)
994 http fetch GET 200 https://registry.npmjs.org/is-stream/-/is-stream-3.0.0.tgz 645ms (cache miss)
995 http fetch GET 200 https://registry.npmjs.org/time-span/-/time-span-5.1.0.tgz 646ms (cache miss)
996 http fetch GET 200 https://registry.npmjs.org/p-event/-/p-event-6.0.1.tgz 646ms (cache miss)
997 http fetch GET 200 https://registry.npmjs.org/convert-hrtime/-/convert-hrtime-5.0.0.tgz 647ms (cache miss)
998 http fetch GET 200 https://registry.npmjs.org/function-timeout/-/function-timeout-1.0.2.tgz 646ms (cache miss)
999 http fetch GET 200 https://registry.npmjs.org/npm-run-path/-/npm-run-path-5.3.0.tgz 646ms (cache miss)
1000 http fetch GET 200 https://registry.npmjs.org/parse-ms/-/parse-ms-2.1.0.tgz 647ms (cache miss)
1001 http fetch GET 200 https://registry.npmjs.org/p-timeout/-/p-timeout-6.1.4.tgz 648ms (cache miss)
1002 http fetch GET 200 https://registry.npmjs.org/merge-stream/-/merge-stream-2.0.0.tgz 646ms (cache miss)
1003 http fetch GET 200 https://registry.npmjs.org/pretty-ms/-/pretty-ms-7.0.1.tgz 646ms (cache miss)
1004 http fetch GET 200 https://registry.npmjs.org/super-regex/-/super-regex-1.1.0.tgz 648ms (cache miss)
1005 http cache next@https://registry.npmjs.org/next/-/next-16.1.6.tgz 0ms (cache hit)
1006 silly tarball no local data for next@https://registry.npmjs.org/next/-/next-16.1.6.tgz. Extracting by manifest.
1007 http fetch GET 200 https://registry.npmjs.org/mimic-fn/-/mimic-fn-4.0.0.tgz 649ms (cache miss)
1008 http fetch GET 200 https://registry.npmjs.org/signal-exit/-/signal-exit-4.1.0.tgz 653ms (cache miss)
1009 http fetch GET 200 https://registry.npmjs.org/onetime/-/onetime-6.0.0.tgz 667ms (cache miss)
1010 http fetch GET 200 https://registry.npmjs.org/type-fest/-/type-fest-4.41.0.tgz 668ms (cache miss)
1011 http fetch GET 200 https://registry.npmjs.org/human-signals/-/human-signals-5.0.0.tgz 694ms (cache miss)
1012 http fetch GET 200 https://registry.npmjs.org/get-stream/-/get-stream-8.0.1.tgz 704ms (cache miss)
1013 http fetch GET 200 https://registry.npmjs.org/null-prototype-object/-/null-prototype-object-1.2.5.tgz 725ms (cache miss)
1014 http fetch GET 200 https://registry.npmjs.org/find-versions/-/find-versions-6.0.0.tgz 813ms (cache miss)
1015 http fetch GET 200 https://registry.npmjs.org/is-unix/-/is-unix-2.0.14.tgz 822ms (cache miss)
1016 http fetch GET 200 https://registry.npmjs.org/execa/-/execa-8.0.1.tgz 854ms (cache miss)
1017 http fetch GET 200 https://registry.npmjs.org/semver-truncate/-/semver-truncate-3.0.0.tgz 855ms (cache miss)
1018 http fetch GET 200 https://registry.npmjs.org/web-worker/-/web-worker-1.2.0.tgz 857ms (cache miss)
1019 http fetch GET 200 https://registry.npmjs.org/tinyspawn/-/tinyspawn-1.5.5.tgz 856ms (cache miss)
1020 http fetch GET 200 https://registry.npmjs.org/youtube-dl-exec/-/youtube-dl-exec-3.1.1.tgz 974ms (cache miss)
1021 http fetch GET 200 https://registry.npmjs.org/yocto-queue/-/yocto-queue-0.1.0.tgz 910ms (cache miss)
1022 http fetch GET 200 https://registry.npmjs.org/debug-logfmt/-/debug-logfmt-1.4.7.tgz 1027ms (cache miss)
1023 http fetch GET 200 https://registry.npmjs.org/clsx/-/clsx-2.1.1.tgz 1031ms (cache miss)
1024 http fetch GET 200 https://registry.npmjs.org/semver/-/semver-7.7.4.tgz 1076ms (cache miss)
1025 http fetch GET 200 https://registry.npmjs.org/binary-version-check/-/binary-version-check-6.1.0.tgz 1086ms (cache miss)
1026 http fetch GET 200 https://registry.npmjs.org/yallist/-/yallist-3.1.1.tgz 1010ms (cache miss)
1027 http fetch GET 200 https://registry.npmjs.org/semver-regex/-/semver-regex-4.0.5.tgz 1111ms (cache miss)
1028 http fetch GET 200 https://registry.npmjs.org/tailwind-merge/-/tailwind-merge-3.4.1.tgz 1164ms (cache miss)
1029 http fetch GET 200 https://registry.npmjs.org/undici-types/-/undici-types-6.21.0.tgz 1072ms (cache miss)
1030 http fetch GET 200 https://registry.npmjs.org/semver/-/semver-7.7.4.tgz 1177ms (cache miss)
1031 http fetch GET 200 https://registry.npmjs.org/path-key/-/path-key-4.0.0.tgz 1240ms (cache miss)
1032 http fetch GET 200 https://registry.npmjs.org/word-wrap/-/word-wrap-1.2.5.tgz 1153ms (cache miss)
1033 http fetch GET 200 https://registry.npmjs.org/supports-color/-/supports-color-7.2.0.tgz 1165ms (cache miss)
1034 http fetch GET 200 https://registry.npmjs.org/unrs-resolver/-/unrs-resolver-1.11.1.tgz 1168ms (cache miss)
1035 http fetch GET 200 https://registry.npmjs.org/to-regex-range/-/to-regex-range-5.0.1.tgz 1216ms (cache miss)
1036 http fetch GET 200 https://registry.npmjs.org/shebang-regex/-/shebang-regex-3.0.0.tgz 1214ms (cache miss)
1037 http fetch GET 200 https://registry.npmjs.org/strip-json-comments/-/strip-json-comments-3.1.1.tgz 1215ms (cache miss)
1038 http fetch GET 200 https://registry.npmjs.org/strip-bom/-/strip-bom-3.0.0.tgz 1215ms (cache miss)
1039 http fetch GET 200 https://registry.npmjs.org/dargs/-/dargs-7.0.0.tgz 1331ms (cache miss)
1040 http fetch GET 200 https://registry.npmjs.org/shebang-command/-/shebang-command-2.0.0.tgz 1227ms (cache miss)
1041 http fetch GET 200 https://registry.npmjs.org/binary-version/-/binary-version-7.1.0.tgz 1331ms (cache miss)
1042 http fetch GET 200 https://registry.npmjs.org/run-parallel/-/run-parallel-1.2.0.tgz 1256ms (cache miss)
1043 http fetch GET 200 https://registry.npmjs.org/resolve-from/-/resolve-from-4.0.0.tgz 1391ms (cache miss)
1044 http fetch GET 200 https://registry.npmjs.org/path-exists/-/path-exists-4.0.0.tgz 1425ms (cache miss)
1045 http fetch GET 200 https://registry.npmjs.org/ms/-/ms-2.1.3.tgz 1430ms (cache miss)
1046 http fetch GET 200 https://registry.npmjs.org/path-parse/-/path-parse-1.0.7.tgz 1459ms (cache miss)
1047 http fetch GET 200 https://registry.npmjs.org/p-locate/-/p-locate-5.0.0.tgz 1459ms (cache miss)
1048 http fetch GET 200 https://registry.npmjs.org/punycode/-/punycode-2.3.1.tgz 1478ms (cache miss)
1049 http fetch GET 200 https://registry.npmjs.org/path-key/-/path-key-3.1.1.tgz 1479ms (cache miss)
1050 http fetch GET 200 https://registry.npmjs.org/p-limit/-/p-limit-3.1.0.tgz 1491ms (cache miss)
1051 http fetch GET 200 https://registry.npmjs.org/queue-microtask/-/queue-microtask-1.2.3.tgz 1494ms (cache miss)
1052 http fetch GET 200 https://registry.npmjs.org/object-assign/-/object-assign-4.1.1.tgz 1496ms (cache miss)
1053 http fetch GET 200 https://registry.npmjs.org/picocolors/-/picocolors-1.1.1.tgz 1514ms (cache miss)
1054 http fetch GET 200 https://registry.npmjs.org/parent-module/-/parent-module-1.0.1.tgz 1513ms (cache miss)
1055 http fetch GET 200 https://registry.npmjs.org/natural-compare/-/natural-compare-1.4.0.tgz 1511ms (cache miss)
1056 http fetch GET 200 https://registry.npmjs.org/merge2/-/merge2-1.4.1.tgz 1618ms (cache miss)
1057 http fetch GET 200 https://registry.npmjs.org/micromatch/-/micromatch-4.0.8.tgz 1619ms (cache miss)
1058 http fetch GET 200 https://registry.npmjs.org/minimatch/-/minimatch-3.1.2.tgz 1635ms (cache miss)
1059 http fetch GET 200 https://registry.npmjs.org/lodash.merge/-/lodash.merge-4.6.2.tgz 1733ms (cache miss)
1060 http fetch GET 200 https://registry.npmjs.org/lru-cache/-/lru-cache-5.1.1.tgz 1783ms (cache miss)
1061 http fetch GET 200 https://registry.npmjs.org/js-tokens/-/js-tokens-4.0.0.tgz 1806ms (cache miss)
1062 http fetch GET 200 https://registry.npmjs.org/isarray/-/isarray-2.0.5.tgz 1824ms (cache miss)
1063 http fetch GET 200 https://registry.npmjs.org/is-number/-/is-number-7.0.0.tgz 1830ms (cache miss)
1064 http fetch GET 200 https://registry.npmjs.org/is-glob/-/is-glob-4.0.3.tgz 1840ms (cache miss)
1065 http fetch GET 200 https://registry.npmjs.org/is-extglob/-/is-extglob-2.1.1.tgz 1845ms (cache miss)
1066 http fetch GET 200 https://registry.npmjs.org/locate-path/-/locate-path-6.0.0.tgz 1893ms (cache miss)
1067 http fetch GET 200 https://registry.npmjs.org/imurmurhash/-/imurmurhash-0.1.4.tgz 1892ms (cache miss)
1068 http fetch GET 200 https://registry.npmjs.org/import-fresh/-/import-fresh-3.3.1.tgz 1972ms (cache miss)
1069 http fetch GET 200 https://registry.npmjs.org/has-flag/-/has-flag-4.0.0.tgz 1972ms (cache miss)
1070 http fetch GET 200 https://registry.npmjs.org/@kikobeats/time-span/-/time-span-1.0.11.tgz 2084ms (cache miss)
1071 http fetch GET 200 https://registry.npmjs.org/ignore/-/ignore-5.3.2.tgz 1976ms (cache miss)
1072 http fetch GET 200 https://registry.npmjs.org/graceful-fs/-/graceful-fs-4.2.11.tgz 2044ms (cache miss)
1073 http fetch GET 200 https://registry.npmjs.org/fill-range/-/fill-range-7.1.1.tgz 2045ms (cache miss)
1074 http fetch GET 200 https://registry.npmjs.org/globals/-/globals-14.0.0.tgz 2079ms (cache miss)
1075 http fetch GET 200 https://registry.npmjs.org/glob-parent/-/glob-parent-6.0.2.tgz 2081ms (cache miss)
1076 http fetch GET 200 https://registry.npmjs.org/file-entry-cache/-/file-entry-cache-8.0.0.tgz 2215ms (cache miss)
1077 http fetch GET 200 https://registry.npmjs.org/estraverse/-/estraverse-5.3.0.tgz 2224ms (cache miss)
1078 http fetch GET 200 https://registry.npmjs.org/find-up/-/find-up-5.0.0.tgz 2270ms (cache miss)
1079 http fetch GET 200 https://registry.npmjs.org/eslint-import-resolver-node/-/eslint-import-resolver-node-0.3.9.tgz 2266ms (cache miss)
1080 http fetch GET 200 https://registry.npmjs.org/esrecurse/-/esrecurse-4.3.0.tgz 2337ms (cache miss)
1081 http fetch GET 200 https://registry.npmjs.org/electron-to-chromium/-/electron-to-chromium-1.5.286.tgz 2333ms (cache miss)
1082 http fetch GET 200 https://registry.npmjs.org/escape-string-regexp/-/escape-string-regexp-4.0.0.tgz 2329ms (cache miss)
1083 http fetch GET 200 https://registry.npmjs.org/fast-levenshtein/-/fast-levenshtein-2.0.6.tgz 2396ms (cache miss)
1084 http fetch GET 200 https://registry.npmjs.org/eslint-module-utils/-/eslint-module-utils-2.12.1.tgz 2778ms (cache miss)
1085 http fetch GET 200 https://registry.npmjs.org/callsites/-/callsites-3.1.0.tgz 2724ms (cache miss)
1086 http fetch GET 200 https://registry.npmjs.org/convert-source-map/-/convert-source-map-2.0.0.tgz 2740ms (cache miss)
1087 http fetch GET 200 https://registry.npmjs.org/color-convert/-/color-convert-2.0.1.tgz 2748ms (cache miss)
1088 http fetch GET 200 https://registry.npmjs.org/color-name/-/color-name-1.1.4.tgz 2751ms (cache miss)
1089 http fetch GET 200 https://registry.npmjs.org/csstype/-/csstype-3.2.3.tgz 2806ms (cache miss)
1090 http fetch GET 200 https://registry.npmjs.org/client-only/-/client-only-0.0.1.tgz 2831ms (cache miss)
1091 http fetch GET 200 https://registry.npmjs.org/ansi-styles/-/ansi-styles-4.3.0.tgz 2833ms (cache miss)
1092 http fetch GET 200 https://registry.npmjs.org/acorn-jsx/-/acorn-jsx-5.3.2.tgz 2850ms (cache miss)
1093 http fetch GET 200 https://registry.npmjs.org/brace-expansion/-/brace-expansion-1.1.12.tgz 2884ms (cache miss)
1094 http fetch GET 200 https://registry.npmjs.org/@types/json-schema/-/json-schema-7.0.15.tgz 2889ms (cache miss)
1095 http fetch GET 200 https://registry.npmjs.org/@types/json5/-/json5-0.0.29.tgz 2888ms (cache miss)
1096 http fetch GET 200 https://registry.npmjs.org/@types/estree/-/estree-1.0.8.tgz 3106ms (cache miss)
1097 http fetch GET 200 https://registry.npmjs.org/glob-parent/-/glob-parent-5.1.2.tgz 3169ms (cache miss)
1098 http fetch GET 200 https://registry.npmjs.org/ignore/-/ignore-7.0.5.tgz 3185ms (cache miss)
1099 http fetch GET 200 https://registry.npmjs.org/@rtsao/scc/-/scc-1.1.0.tgz 3198ms (cache miss)
1100 http fetch GET 200 https://registry.npmjs.org/@nolyfill/is-core-module/-/is-core-module-1.0.39.tgz 3264ms (cache miss)
1101 http fetch GET 200 https://registry.npmjs.org/@tailwindcss/oxide/-/oxide-4.1.18.tgz 3283ms (cache miss)
1102 http fetch GET 200 https://registry.npmjs.org/@img/colour/-/colour-1.0.0.tgz 3289ms (cache miss)
1103 http fetch GET 200 https://registry.npmjs.org/@alloc/quick-lru/-/quick-lru-5.2.0.tgz 3381ms (cache miss)
1104 http fetch GET 200 https://registry.npmjs.org/@eslint-community/eslint-utils/-/eslint-utils-4.9.1.tgz 3389ms (cache miss)
1105 http fetch GET 200 https://registry.npmjs.org/globals/-/globals-16.4.0.tgz 3415ms (cache miss)
1106 http fetch GET 200 https://registry.npmjs.org/loose-envify/-/loose-envify-1.4.0.tgz 3530ms (cache miss)
1107 http fetch GET 200 https://registry.npmjs.org/update-browserslist-db/-/update-browserslist-db-1.2.3.tgz 3537ms (cache miss)
1108 http fetch GET 200 https://registry.npmjs.org/which-typed-array/-/which-typed-array-1.1.20.tgz 3401ms (cache miss)
1109 http fetch GET 200 https://registry.npmjs.org/browserslist/-/browserslist-4.28.1.tgz 3523ms (cache miss)
1110 http fetch GET 200 https://registry.npmjs.org/@eslint-community/regexpp/-/regexpp-4.12.2.tgz 3575ms (cache miss)
1111 http fetch GET 200 https://registry.npmjs.org/which-collection/-/which-collection-1.0.2.tgz 3434ms (cache miss)
1112 http fetch GET 200 https://registry.npmjs.org/zod-validation-error/-/zod-validation-error-4.0.2.tgz 3457ms (cache miss)
1113 http fetch GET 200 https://registry.npmjs.org/typed-array-length/-/typed-array-length-1.0.7.tgz 3496ms (cache miss)
1114 http fetch GET 200 https://registry.npmjs.org/which-boxed-primitive/-/which-boxed-primitive-1.1.1.tgz 3503ms (cache miss)
1115 http fetch GET 200 https://registry.npmjs.org/typed-array-byte-offset/-/typed-array-byte-offset-1.0.4.tgz 3544ms (cache miss)
1116 http fetch GET 200 https://registry.npmjs.org/unbox-primitive/-/unbox-primitive-1.1.0.tgz 3544ms (cache miss)
1117 http fetch GET 200 https://registry.npmjs.org/typed-array-byte-length/-/typed-array-byte-length-1.0.3.tgz 3544ms (cache miss)
1118 http fetch GET 200 https://registry.npmjs.org/which-builtin-type/-/which-builtin-type-1.2.1.tgz 3557ms (cache miss)
1119 http fetch GET 200 https://registry.npmjs.org/tinyglobby/-/tinyglobby-0.2.15.tgz 3615ms (cache miss)
1120 http fetch GET 200 https://registry.npmjs.org/ts-api-utils/-/ts-api-utils-2.4.0.tgz 3616ms (cache miss)
1121 http fetch GET 200 https://registry.npmjs.org/typed-array-buffer/-/typed-array-buffer-1.0.3.tgz 3697ms (cache miss)
1122 http fetch GET 200 https://registry.npmjs.org/tapable/-/tapable-2.3.0.tgz 3706ms (cache miss)
1123 http fetch GET 200 https://registry.npmjs.org/supports-preserve-symlinks-flag/-/supports-preserve-symlinks-flag-1.0.0.tgz 3714ms (cache miss)
1124 http fetch GET 200 https://registry.npmjs.org/type-check/-/type-check-0.4.0.tgz 3734ms (cache miss)
1125 http fetch GET 200 https://registry.npmjs.org/string.prototype.trim/-/string.prototype.trim-1.2.10.tgz 3741ms (cache miss)
1126 http fetch GET 200 https://registry.npmjs.org/tslib/-/tslib-2.8.1.tgz 3761ms (cache miss)
1127 http fetch GET 200 https://registry.npmjs.org/string.prototype.trimend/-/string.prototype.trimend-1.0.9.tgz 3774ms (cache miss)
1128 http fetch GET 200 https://registry.npmjs.org/string.prototype.repeat/-/string.prototype.repeat-1.0.0.tgz 3777ms (cache miss)
1129 http fetch GET 200 https://registry.npmjs.org/string.prototype.matchall/-/string.prototype.matchall-4.0.12.tgz 3801ms (cache miss)
1130 http fetch GET 200 https://registry.npmjs.org/stop-iteration-iterator/-/stop-iteration-iterator-1.1.0.tgz 3864ms (cache miss)
1131 http fetch GET 200 https://registry.npmjs.org/source-map-js/-/source-map-js-1.2.1.tgz 3883ms (cache miss)
1132 http fetch GET 200 https://registry.npmjs.org/string.prototype.trimstart/-/string.prototype.trimstart-1.0.8.tgz 3886ms (cache miss)
1133 http fetch GET 200 https://registry.npmjs.org/side-channel-weakmap/-/side-channel-weakmap-1.0.2.tgz 3895ms (cache miss)
1134 http fetch GET 200 https://registry.npmjs.org/stable-hash/-/stable-hash-0.0.5.tgz 3895ms (cache miss)
1135 http fetch GET 200 https://registry.npmjs.org/tailwindcss/-/tailwindcss-4.1.18.tgz 4057ms (cache miss)
1136 http fetch GET 200 https://registry.npmjs.org/safe-push-apply/-/safe-push-apply-1.0.0.tgz 4075ms (cache miss)
1137 http fetch GET 200 https://registry.npmjs.org/safe-regex-test/-/safe-regex-test-1.1.0.tgz 4075ms (cache miss)
1138 http fetch GET 200 https://registry.npmjs.org/set-function-length/-/set-function-length-1.2.2.tgz 4090ms (cache miss)
1139 http fetch GET 200 https://registry.npmjs.org/set-proto/-/set-proto-1.0.0.tgz 4128ms (cache miss)
1140 http fetch GET 200 https://registry.npmjs.org/set-function-name/-/set-function-name-2.0.2.tgz 4139ms (cache miss)
1141 http fetch GET 200 https://registry.npmjs.org/side-channel-list/-/side-channel-list-1.0.0.tgz 4196ms (cache miss)
1142 http fetch GET 200 https://registry.npmjs.org/side-channel-map/-/side-channel-map-1.0.1.tgz 4227ms (cache miss)
1143 http fetch GET 200 https://registry.npmjs.org/sharp/-/sharp-0.34.5.tgz 4349ms (cache miss)
1144 http fetch GET 200 https://registry.npmjs.org/resolve-pkg-maps/-/resolve-pkg-maps-1.0.0.tgz 4384ms (cache miss)
1145 http fetch GET 200 https://registry.npmjs.org/side-channel/-/side-channel-1.1.0.tgz 4387ms (cache miss)
1146 http fetch GET 200 https://registry.npmjs.org/safe-array-concat/-/safe-array-concat-1.1.3.tgz 4402ms (cache miss)
1147 http fetch GET 200 https://registry.npmjs.org/regexp.prototype.flags/-/regexp.prototype.flags-1.5.4.tgz 4404ms (cache miss)
1148 http fetch GET 200 https://registry.npmjs.org/prop-types/-/prop-types-15.8.1.tgz 4427ms (cache miss)
1149 http fetch GET 200 https://registry.npmjs.org/reflect.getprototypeof/-/reflect.getprototypeof-1.0.10.tgz 4510ms (cache miss)
1150 http fetch GET 200 https://registry.npmjs.org/prelude-ls/-/prelude-ls-1.2.1.tgz 4516ms (cache miss)
1151 http fetch GET 200 https://registry.npmjs.org/scheduler/-/scheduler-0.27.0.tgz 4534ms (cache miss)
1152 http fetch GET 200 https://registry.npmjs.org/react-is/-/react-is-16.13.1.tgz 4626ms (cache miss)
1153 http fetch GET 200 https://registry.npmjs.org/own-keys/-/own-keys-1.0.1.tgz 4784ms (cache miss)
1154 http fetch GET 200 https://registry.npmjs.org/possible-typed-array-names/-/possible-typed-array-names-1.1.0.tgz 4813ms (cache miss)
1155 http fetch GET 200 https://registry.npmjs.org/object.groupby/-/object.groupby-1.0.3.tgz 4817ms (cache miss)
1156 http fetch GET 200 https://registry.npmjs.org/picomatch/-/picomatch-2.3.1.tgz 4855ms (cache miss)
1157 http fetch GET 200 https://registry.npmjs.org/object.values/-/object.values-1.2.1.tgz 4858ms (cache miss)
1158 http fetch GET 200 https://registry.npmjs.org/optionator/-/optionator-0.9.4.tgz 4867ms (cache miss)
1159 http fetch GET 200 https://registry.npmjs.org/postcss/-/postcss-8.5.6.tgz 4870ms (cache miss)
1160 http fetch GET 200 https://registry.npmjs.org/object.entries/-/object.entries-1.1.9.tgz 4892ms (cache miss)
1161 http fetch GET 200 https://registry.npmjs.org/react/-/react-19.2.3.tgz 4921ms (cache miss)
1162 http fetch GET 200 https://registry.npmjs.org/object.fromentries/-/object.fromentries-2.0.8.tgz 5131ms (cache miss)
1163 http fetch GET 200 https://registry.npmjs.org/object-keys/-/object-keys-1.1.1.tgz 5182ms (cache miss)
1164 http fetch GET 200 https://registry.npmjs.org/object.assign/-/object.assign-4.1.7.tgz 5197ms (cache miss)
1165 http fetch GET 200 https://registry.npmjs.org/language-tags/-/language-tags-1.0.9.tgz 5198ms (cache miss)
1166 http fetch GET 200 https://registry.npmjs.org/node-exports-info/-/node-exports-info-1.6.0.tgz 5226ms (cache miss)
1167 http fetch GET 200 https://registry.npmjs.org/minimist/-/minimist-1.2.8.tgz 5228ms (cache miss)
1168 http fetch GET 200 https://registry.npmjs.org/keyv/-/keyv-4.5.4.tgz 5301ms (cache miss)
1169 http fetch GET 200 https://registry.npmjs.org/math-intrinsics/-/math-intrinsics-1.1.0.tgz 5319ms (cache miss)
1170 http fetch GET 200 https://registry.npmjs.org/json-stable-stringify-without-jsonify/-/json-stable-stringify-without-jsonify-1.0.1.tgz 5565ms (cache miss)
1171 http fetch GET 200 https://registry.npmjs.org/@unrs/resolver-binding-darwin-arm64/-/resolver-binding-darwin-arm64-1.11.1.tgz 5759ms (cache miss)
1172 http fetch GET 200 https://registry.npmjs.org/magic-string/-/magic-string-0.30.21.tgz 5589ms (cache miss)
1173 http fetch GET 200 https://registry.npmjs.org/json-buffer/-/json-buffer-3.0.1.tgz 5653ms (cache miss)
1174 http fetch GET 200 https://registry.npmjs.org/levn/-/levn-0.4.1.tgz 5653ms (cache miss)
1175 http fetch GET 200 https://registry.npmjs.org/is-weakmap/-/is-weakmap-2.0.2.tgz 5664ms (cache miss)
1176 http fetch GET 200 https://registry.npmjs.org/isexe/-/isexe-2.0.0.tgz 5664ms (cache miss)
1177 http fetch GET 200 https://registry.npmjs.org/iterator.prototype/-/iterator.prototype-1.1.5.tgz 5685ms (cache miss)
1178 http fetch GET 200 https://registry.npmjs.org/is-weakset/-/is-weakset-2.0.4.tgz 5780ms (cache miss)
1179 http fetch GET 200 https://registry.npmjs.org/lightningcss/-/lightningcss-1.30.2.tgz 5842ms (cache miss)
1180 http fetch GET 200 https://registry.npmjs.org/is-regex/-/is-regex-1.2.1.tgz 5952ms (cache miss)
1181 http fetch GET 200 https://registry.npmjs.org/is-set/-/is-set-2.0.3.tgz 5952ms (cache miss)
1182 http fetch GET 200 https://registry.npmjs.org/is-typed-array/-/is-typed-array-1.1.15.tgz 5975ms (cache miss)
1183 http fetch GET 200 https://registry.npmjs.org/is-weakref/-/is-weakref-1.1.1.tgz 5987ms (cache miss)
1184 http fetch GET 200 https://registry.npmjs.org/is-string/-/is-string-1.1.1.tgz 5995ms (cache miss)
1185 http fetch GET 200 https://registry.npmjs.org/is-map/-/is-map-2.0.3.tgz 5995ms (cache miss)
1186 http fetch GET 200 https://registry.npmjs.org/is-symbol/-/is-symbol-1.1.1.tgz 6081ms (cache miss)
1187 http fetch GET 200 https://registry.npmjs.org/is-number-object/-/is-number-object-1.1.1.tgz 6179ms (cache miss)
1188 http fetch GET 200 https://registry.npmjs.org/is-negative-zero/-/is-negative-zero-2.0.3.tgz 6207ms (cache miss)
1189 http fetch GET 200 https://registry.npmjs.org/@tailwindcss/oxide-darwin-arm64/-/oxide-darwin-arm64-4.1.18.tgz 6428ms (cache miss)
1190 http fetch GET 200 https://registry.npmjs.org/is-generator-function/-/is-generator-function-1.1.2.tgz 6331ms (cache miss)
1191 http fetch GET 200 https://registry.npmjs.org/is-data-view/-/is-data-view-1.0.2.tgz 6337ms (cache miss)
1192 http fetch GET 200 https://registry.npmjs.org/is-bun-module/-/is-bun-module-2.0.0.tgz 6352ms (cache miss)
1193 http fetch GET 200 https://registry.npmjs.org/is-finalizationregistry/-/is-finalizationregistry-1.1.1.tgz 6353ms (cache miss)
1194 http fetch GET 200 https://registry.npmjs.org/is-array-buffer/-/is-array-buffer-3.0.5.tgz 6353ms (cache miss)
1195 http fetch GET 200 https://registry.npmjs.org/is-bigint/-/is-bigint-1.1.0.tgz 6381ms (cache miss)
1196 http fetch GET 200 https://registry.npmjs.org/is-shared-array-buffer/-/is-shared-array-buffer-1.0.4.tgz 6384ms (cache miss)
1197 http fetch GET 200 https://registry.npmjs.org/is-core-module/-/is-core-module-2.16.1.tgz 6489ms (cache miss)
1198 http fetch GET 200 https://registry.npmjs.org/is-date-object/-/is-date-object-1.1.0.tgz 6632ms (cache miss)
1199 http fetch GET 200 https://registry.npmjs.org/is-boolean-object/-/is-boolean-object-1.2.2.tgz 6795ms (cache miss)
1200 http fetch GET 200 https://registry.npmjs.org/is-async-function/-/is-async-function-2.1.1.tgz 6807ms (cache miss)
1201 http fetch GET 200 https://registry.npmjs.org/is-callable/-/is-callable-1.2.7.tgz 6845ms (cache miss)
1202 http fetch GET 200 https://registry.npmjs.org/gopd/-/gopd-1.2.0.tgz 6871ms (cache miss)
1203 http fetch GET 200 https://registry.npmjs.org/has-proto/-/has-proto-1.2.0.tgz 6871ms (cache miss)
1204 http fetch GET 200 https://registry.npmjs.org/hasown/-/hasown-2.0.2.tgz 6872ms (cache miss)
1205 http fetch GET 200 https://registry.npmjs.org/internal-slot/-/internal-slot-1.1.0.tgz 6873ms (cache miss)
1206 http fetch GET 200 https://registry.npmjs.org/has-property-descriptors/-/has-property-descriptors-1.0.2.tgz 7010ms (cache miss)
1207 http fetch GET 200 https://registry.npmjs.org/globalthis/-/globalthis-1.0.4.tgz 7011ms (cache miss)
1208 http fetch GET 200 https://registry.npmjs.org/get-symbol-description/-/get-symbol-description-1.1.0.tgz 7201ms (cache miss)
1209 http fetch GET 200 https://registry.npmjs.org/get-intrinsic/-/get-intrinsic-1.3.0.tgz 7220ms (cache miss)
1210 http fetch GET 200 https://registry.npmjs.org/has-bigints/-/has-bigints-1.1.0.tgz 7240ms (cache miss)
1211 http fetch GET 200 https://registry.npmjs.org/get-tsconfig/-/get-tsconfig-4.13.6.tgz 7305ms (cache miss)
1212 http fetch GET 200 https://registry.npmjs.org/get-proto/-/get-proto-1.0.1.tgz 7318ms (cache miss)
1213 http fetch GET 200 https://registry.npmjs.org/generator-function/-/generator-function-2.0.1.tgz 7336ms (cache miss)
1214 http fetch GET 200 https://registry.npmjs.org/gensync/-/gensync-1.0.0-beta.2.tgz 7342ms (cache miss)
1215 http fetch GET 200 https://registry.npmjs.org/function.prototype.name/-/function.prototype.name-1.1.8.tgz 7355ms (cache miss)
1216 http fetch GET 200 https://registry.npmjs.org/functions-have-names/-/functions-have-names-1.2.3.tgz 7390ms (cache miss)
1217 http fetch GET 200 https://registry.npmjs.org/flatted/-/flatted-3.3.3.tgz 7583ms (cache miss)
1218 http fetch GET 200 https://registry.npmjs.org/function-bind/-/function-bind-1.1.2.tgz 7612ms (cache miss)
1219 http fetch GET 200 https://registry.npmjs.org/for-each/-/for-each-0.3.5.tgz 7670ms (cache miss)
1220 http fetch GET 200 https://registry.npmjs.org/flat-cache/-/flat-cache-4.0.1.tgz 7671ms (cache miss)
1221 http fetch GET 200 https://registry.npmjs.org/fastq/-/fastq-1.20.1.tgz 7672ms (cache miss)
1222 http fetch GET 200 https://registry.npmjs.org/fast-deep-equal/-/fast-deep-equal-3.1.3.tgz 7684ms (cache miss)
1223 http fetch GET 200 https://registry.npmjs.org/react-dom/-/react-dom-19.2.3.tgz 7776ms (cache miss)
1224 http fetch GET 200 https://registry.npmjs.org/lucide-react/-/lucide-react-0.574.0.tgz 8146ms (cache miss)
1225 http fetch GET 200 https://registry.npmjs.org/esutils/-/esutils-2.0.3.tgz 7787ms (cache miss)
1226 http fetch GET 200 https://registry.npmjs.org/fast-json-stable-stringify/-/fast-json-stable-stringify-2.1.0.tgz 7801ms (cache miss)
1227 http fetch GET 200 https://registry.npmjs.org/espree/-/espree-10.4.0.tgz 7802ms (cache miss)
1228 http fetch GET 200 https://registry.npmjs.org/eslint-visitor-keys/-/eslint-visitor-keys-4.2.1.tgz 7837ms (cache miss)
1229 http fetch GET 200 https://registry.npmjs.org/esquery/-/esquery-1.7.0.tgz 7918ms (cache miss)
1230 http fetch GET 200 https://registry.npmjs.org/escalade/-/escalade-3.2.0.tgz 7953ms (cache miss)
1231 http fetch GET 200 https://registry.npmjs.org/eslint-config-next/-/eslint-config-next-16.1.6.tgz 8005ms (cache miss)
1232 http fetch GET 200 https://registry.npmjs.org/eslint-import-resolver-typescript/-/eslint-import-resolver-typescript-3.10.1.tgz 8008ms (cache miss)
1233 http fetch GET 200 https://registry.npmjs.org/eslint-scope/-/eslint-scope-8.4.0.tgz 8007ms (cache miss)
1234 http fetch GET 200 https://registry.npmjs.org/es-to-primitive/-/es-to-primitive-1.3.0.tgz 8013ms (cache miss)
1235 http fetch GET 200 https://registry.npmjs.org/es-object-atoms/-/es-object-atoms-1.1.1.tgz 8017ms (cache miss)
1236 http fetch GET 200 https://registry.npmjs.org/es-define-property/-/es-define-property-1.0.1.tgz 8102ms (cache miss)
1237 http fetch GET 200 https://registry.npmjs.org/es-shim-unscopables/-/es-shim-unscopables-1.1.0.tgz 8103ms (cache miss)
1238 http fetch GET 200 https://registry.npmjs.org/es-set-tostringtag/-/es-set-tostringtag-2.1.0.tgz 8108ms (cache miss)
1239 http fetch GET 200 https://registry.npmjs.org/es-errors/-/es-errors-1.3.0.tgz 8108ms (cache miss)
1240 http fetch GET 200 https://registry.npmjs.org/dunder-proto/-/dunder-proto-1.0.1.tgz 8113ms (cache miss)
1241 http fetch GET 200 https://registry.npmjs.org/doctrine/-/doctrine-2.1.0.tgz 8222ms (cache miss)
1242 http fetch GET 200 https://registry.npmjs.org/emoji-regex/-/emoji-regex-9.2.2.tgz 8228ms (cache miss)
1243 http fetch GET 200 https://registry.npmjs.org/damerau-levenshtein/-/damerau-levenshtein-1.0.8.tgz 8242ms (cache miss)
1244 http fetch GET 200 https://registry.npmjs.org/define-data-property/-/define-data-property-1.1.4.tgz 8246ms (cache miss)
1245 http fetch GET 200 https://registry.npmjs.org/debug/-/debug-4.4.3.tgz 8258ms (cache miss)
1246 http fetch GET 200 https://registry.npmjs.org/deep-is/-/deep-is-0.1.4.tgz 8265ms (cache miss)
1247 http fetch GET 200 https://registry.npmjs.org/detect-libc/-/detect-libc-2.1.2.tgz 8265ms (cache miss)
1248 http fetch GET 200 https://registry.npmjs.org/define-properties/-/define-properties-1.2.1.tgz 8297ms (cache miss)
1249 http fetch GET 200 https://registry.npmjs.org/data-view-byte-length/-/data-view-byte-length-1.0.2.tgz 8307ms (cache miss)
1250 http fetch GET 200 https://registry.npmjs.org/concat-map/-/concat-map-0.0.1.tgz 8309ms (cache miss)
1251 http fetch GET 200 https://registry.npmjs.org/call-bound/-/call-bound-1.0.4.tgz 8323ms (cache miss)
1252 http fetch GET 200 https://registry.npmjs.org/chalk/-/chalk-4.1.2.tgz 8324ms (cache miss)
1253 http fetch GET 200 https://registry.npmjs.org/call-bind-apply-helpers/-/call-bind-apply-helpers-1.0.2.tgz 8416ms (cache miss)
1254 http fetch GET 200 https://registry.npmjs.org/array.prototype.flat/-/array.prototype.flat-1.3.3.tgz 8423ms (cache miss)
1255 http fetch GET 200 https://registry.npmjs.org/arraybuffer.prototype.slice/-/arraybuffer.prototype.slice-1.0.4.tgz 8433ms (cache miss)
1256 http fetch GET 200 https://registry.npmjs.org/balanced-match/-/balanced-match-1.0.2.tgz 8435ms (cache miss)
1257 http fetch GET 200 https://registry.npmjs.org/data-view-buffer/-/data-view-buffer-1.0.2.tgz 8437ms (cache miss)
1258 http fetch GET 200 https://registry.npmjs.org/call-bind/-/call-bind-1.0.8.tgz 8441ms (cache miss)
1259 http fetch GET 200 https://registry.npmjs.org/array.prototype.tosorted/-/array.prototype.tosorted-1.1.4.tgz 8475ms (cache miss)
1260 http fetch GET 200 https://registry.npmjs.org/available-typed-arrays/-/available-typed-arrays-1.0.7.tgz 8476ms (cache miss)
1261 http fetch GET 200 https://registry.npmjs.org/ast-types-flow/-/ast-types-flow-0.0.8.tgz 8476ms (cache miss)
1262 http fetch GET 200 https://registry.npmjs.org/braces/-/braces-3.0.3.tgz 8525ms (cache miss)
1263 http fetch GET 200 https://registry.npmjs.org/data-view-byte-offset/-/data-view-byte-offset-1.0.1.tgz 8532ms (cache miss)
1264 http fetch GET 200 https://registry.npmjs.org/async-function/-/async-function-1.0.0.tgz 8562ms (cache miss)
1265 http fetch GET 200 https://registry.npmjs.org/array.prototype.flatmap/-/array.prototype.flatmap-1.3.3.tgz 8589ms (cache miss)
1266 http fetch GET 200 https://registry.npmjs.org/array.prototype.findlast/-/array.prototype.findlast-1.2.5.tgz 8597ms (cache miss)
1267 http fetch GET 200 https://registry.npmjs.org/array.prototype.findlastindex/-/array.prototype.findlastindex-1.2.6.tgz 8598ms (cache miss)
1268 http fetch GET 200 https://registry.npmjs.org/array-buffer-byte-length/-/array-buffer-byte-length-1.0.2.tgz 8639ms (cache miss)
1269 http fetch GET 200 https://registry.npmjs.org/argparse/-/argparse-2.0.1.tgz 8713ms (cache miss)
1270 http fetch GET 200 https://registry.npmjs.org/array-includes/-/array-includes-3.1.9.tgz 8993ms (cache miss)
1271 http fetch GET 200 https://registry.npmjs.org/@types/react-dom/-/react-dom-19.2.3.tgz 9027ms (cache miss)
1272 http fetch GET 200 https://registry.npmjs.org/@types/react/-/react-19.2.14.tgz 9138ms (cache miss)
1273 http fetch GET 200 https://registry.npmjs.org/@tailwindcss/node/-/node-4.1.18.tgz 9165ms (cache miss)
1274 http fetch GET 200 https://registry.npmjs.org/@next/env/-/env-16.1.6.tgz 9315ms (cache miss)
1275 http fetch GET 200 https://registry.npmjs.org/@jridgewell/trace-mapping/-/trace-mapping-0.3.31.tgz 9347ms (cache miss)
1276 http fetch GET 200 https://registry.npmjs.org/eslint-plugin-react-hooks/-/eslint-plugin-react-hooks-7.0.1.tgz 9417ms (cache miss)
1277 http fetch GET 200 https://registry.npmjs.org/@tailwindcss/postcss/-/postcss-4.1.18.tgz 9471ms (cache miss)
1278 http fetch GET 200 https://registry.npmjs.org/@humanwhocodes/retry/-/retry-0.4.3.tgz 9482ms (cache miss)
1279 http fetch GET 200 https://registry.npmjs.org/@jridgewell/sourcemap-codec/-/sourcemap-codec-1.5.5.tgz 9487ms (cache miss)
1280 http fetch GET 200 https://registry.npmjs.org/@jridgewell/remapping/-/remapping-2.3.5.tgz 9540ms (cache miss)
1281 http fetch GET 200 https://registry.npmjs.org/@img/sharp-darwin-arm64/-/sharp-darwin-arm64-0.34.5.tgz 9572ms (cache miss)
1282 http fetch GET 200 https://registry.npmjs.org/@humanfs/node/-/node-0.16.7.tgz 9651ms (cache miss)
1283 http fetch GET 200 https://registry.npmjs.org/@humanfs/core/-/core-0.19.1.tgz 9665ms (cache miss)
1284 http fetch GET 200 https://registry.npmjs.org/@babel/helper-validator-option/-/helper-validator-option-7.27.1.tgz 9670ms (cache miss)
1285 http fetch GET 200 https://registry.npmjs.org/@babel/helper-validator-identifier/-/helper-validator-identifier-7.28.5.tgz 9734ms (cache miss)
1286 http fetch GET 200 https://registry.npmjs.org/@babel/template/-/template-7.28.6.tgz 9794ms (cache miss)
1287 http fetch GET 200 https://registry.npmjs.org/@emnapi/runtime/-/runtime-1.8.1.tgz 9837ms (cache miss)
1288 http fetch GET 200 https://registry.npmjs.org/@emnapi/wasi-threads/-/wasi-threads-1.1.0.tgz 9844ms (cache miss)
1289 http fetch GET 200 https://registry.npmjs.org/@humanwhocodes/module-importer/-/module-importer-1.0.1.tgz 9886ms (cache miss)
1290 http fetch GET 200 https://registry.npmjs.org/@babel/helper-string-parser/-/helper-string-parser-7.27.1.tgz 9918ms (cache miss)
1291 http fetch GET 200 https://registry.npmjs.org/@babel/helper-globals/-/helper-globals-7.28.0.tgz 9926ms (cache miss)
1292 http fetch GET 200 https://registry.npmjs.org/@babel/code-frame/-/code-frame-7.29.0.tgz 9936ms (cache miss)
1293 http fetch GET 200 https://registry.npmjs.org/@types/node/-/node-20.19.33.tgz 10052ms (cache miss)
1294 http fetch GET 200 https://registry.npmjs.org/axe-core/-/axe-core-4.11.1.tgz 10069ms (cache miss)
1295 http fetch GET 200 https://registry.npmjs.org/picomatch/-/picomatch-4.0.3.tgz 10115ms (cache miss)
1296 http fetch GET 200 https://registry.npmjs.org/fdir/-/fdir-6.5.0.tgz 10120ms (cache miss)
1297 http fetch GET 200 https://registry.npmjs.org/@babel/helper-module-transforms/-/helper-module-transforms-7.28.6.tgz 10127ms (cache miss)
1298 http fetch GET 200 https://registry.npmjs.org/postcss/-/postcss-8.4.31.tgz 10149ms (cache miss)
1299 http fetch GET 200 https://registry.npmjs.org/@babel/helper-compilation-targets/-/helper-compilation-targets-7.28.6.tgz 10152ms (cache miss)
1300 http fetch GET 200 https://registry.npmjs.org/debug/-/debug-3.2.7.tgz 10172ms (cache miss)
1301 http fetch GET 200 https://registry.npmjs.org/debug/-/debug-3.2.7.tgz 10193ms (cache miss)
1302 http fetch GET 200 https://registry.npmjs.org/@emnapi/core/-/core-1.8.1.tgz 10195ms (cache miss)
1303 http fetch GET 200 https://registry.npmjs.org/@babel/helper-module-imports/-/helper-module-imports-7.28.6.tgz 10204ms (cache miss)
1304 http fetch GET 200 https://registry.npmjs.org/debug/-/debug-3.2.7.tgz 10206ms (cache miss)
1305 http fetch GET 200 https://registry.npmjs.org/brace-expansion/-/brace-expansion-2.0.2.tgz 10208ms (cache miss)
1306 http fetch GET 200 https://registry.npmjs.org/@babel/compat-data/-/compat-data-7.29.0.tgz 10211ms (cache miss)
1307 http fetch GET 200 https://registry.npmjs.org/eslint-visitor-keys/-/eslint-visitor-keys-5.0.0.tgz 10247ms (cache miss)
1308 http fetch GET 200 https://registry.npmjs.org/which/-/which-2.0.2.tgz 10247ms (cache miss)
1309 http fetch GET 200 https://registry.npmjs.org/eslint-visitor-keys/-/eslint-visitor-keys-3.4.3.tgz 10338ms (cache miss)
1310 http fetch GET 200 https://registry.npmjs.org/jsesc/-/jsesc-3.1.0.tgz 10345ms (cache miss)
1311 http fetch GET 200 https://registry.npmjs.org/semver/-/semver-6.3.1.tgz 10415ms (cache miss)
1312 http fetch GET 200 https://registry.npmjs.org/semver/-/semver-7.7.4.tgz 10395ms (cache miss)
1313 http fetch GET 200 https://registry.npmjs.org/nanoid/-/nanoid-3.3.11.tgz 10421ms (cache miss)
1314 http fetch GET 200 https://registry.npmjs.org/acorn/-/acorn-8.15.0.tgz 10414ms (cache miss)
1315 http fetch GET 200 https://registry.npmjs.org/napi-postinstall/-/napi-postinstall-0.3.4.tgz 10444ms (cache miss)
1316 http fetch GET 200 https://registry.npmjs.org/baseline-browser-mapping/-/baseline-browser-mapping-2.9.19.tgz 10490ms (cache miss)
1317 http fetch GET 200 https://registry.npmjs.org/json5/-/json5-2.2.3.tgz 10496ms (cache miss)
1318 http fetch GET 200 https://registry.npmjs.org/semver/-/semver-7.7.4.tgz 10489ms (cache miss)
1319 http fetch GET 200 https://registry.npmjs.org/json5/-/json5-1.0.2.tgz 10491ms (cache miss)
1320 http fetch GET 200 https://registry.npmjs.org/reusify/-/reusify-1.1.0.tgz 10465ms (cache miss)
1321 http fetch GET 200 https://registry.npmjs.org/semver/-/semver-7.7.4.tgz 10538ms (cache miss)
1322 http fetch GET 200 https://registry.npmjs.org/jiti/-/jiti-2.6.1.tgz 10696ms (cache miss)
1323 http fetch GET 200 https://registry.npmjs.org/string.prototype.includes/-/string.prototype.includes-2.0.1.tgz 10634ms (cache miss)
1324 http fetch GET 200 https://registry.npmjs.org/object-inspect/-/object-inspect-1.13.4.tgz 10694ms (cache miss)
1325 http fetch GET 200 https://registry.npmjs.org/node-releases/-/node-releases-2.0.27.tgz 10754ms (cache miss)
1326 http fetch GET 200 https://registry.npmjs.org/json-schema-traverse/-/json-schema-traverse-0.4.1.tgz 10747ms (cache miss)
1327 http fetch GET 200 https://registry.npmjs.org/has-tostringtag/-/has-tostringtag-1.0.2.tgz 10767ms (cache miss)
1328 http fetch GET 200 https://registry.npmjs.org/hermes-estree/-/hermes-estree-0.25.1.tgz 10824ms (cache miss)
1329 http fetch GET 200 https://registry.npmjs.org/styled-jsx/-/styled-jsx-5.1.6.tgz 11056ms (cache miss)
1330 http fetch GET 200 https://registry.npmjs.org/ajv 11143ms (cache miss)
1331 silly packumentCache corgi:https://registry.npmjs.org/ajv set size:undefined disposed:false
1332 silly packumentCache corgi:https://registry.npmjs.org/@eslint%2feslintrc cache-miss
1333 silly packumentCache corgi:https://registry.npmjs.org/eslint cache-miss
1334 http fetch GET 200 https://registry.npmjs.org/has-symbols/-/has-symbols-1.1.0.tgz 11071ms (cache miss)
1335 http fetch GET 200 https://registry.npmjs.org/hermes-parser/-/hermes-parser-0.25.1.tgz 11127ms (cache miss)
1336 http fetch GET 200 https://registry.npmjs.org/es-iterator-helpers/-/es-iterator-helpers-1.2.2.tgz 11192ms (cache miss)
1337 http fetch GET 200 https://registry.npmjs.org/cross-spawn/-/cross-spawn-7.0.6.tgz 11226ms (cache miss)
1338 http fetch GET 200 https://registry.npmjs.org/enhanced-resolve/-/enhanced-resolve-5.19.0.tgz 11230ms (cache miss)
1339 http fetch GET 200 https://registry.npmjs.org/language-subtag-registry/-/language-subtag-registry-0.3.23.tgz 11273ms (cache miss)
1340 http fetch GET 200 https://registry.npmjs.org/@babel/parser/-/parser-7.29.0.tgz 11417ms (cache miss)
1341 http fetch GET 200 https://registry.npmjs.org/eslint-plugin-react/-/eslint-plugin-react-7.37.5.tgz 11351ms (cache miss)
1342 http fetch GET 200 https://registry.npmjs.org/es-abstract/-/es-abstract-1.24.1.tgz 11389ms (cache miss)
1343 http fetch GET 200 https://registry.npmjs.org/@nodelib/fs.scandir/-/fs.scandir-2.1.5.tgz 11631ms (cache miss)
1344 http fetch GET 200 https://registry.npmjs.org/eslint-plugin-import/-/eslint-plugin-import-2.32.0.tgz 11645ms (cache miss)
1345 http fetch GET 200 https://registry.npmjs.org/@nodelib/fs.stat/-/fs.stat-2.0.5.tgz 11685ms (cache miss)
1346 http fetch GET 200 https://registry.npmjs.org/@next/eslint-plugin-next/-/eslint-plugin-next-16.1.6.tgz 11692ms (cache miss)
1347 http fetch GET 200 https://registry.npmjs.org/@eslint/js/-/js-9.39.2.tgz 11729ms (cache miss)
1348 http fetch GET 200 https://registry.npmjs.org/@napi-rs/wasm-runtime/-/wasm-runtime-0.2.12.tgz 11850ms (cache miss)
1349 http fetch GET 200 https://registry.npmjs.org/@swc/helpers/-/helpers-0.5.15.tgz 11753ms (cache miss)
1350 http fetch GET 200 https://registry.npmjs.org/@nodelib/fs.walk/-/fs.walk-1.2.8.tgz 11851ms (cache miss)
1351 http fetch GET 200 https://registry.npmjs.org/@eslint/eslintrc/-/eslintrc-3.3.3.tgz 11885ms (cache miss)
1352 http fetch GET 200 https://registry.npmjs.org/@jridgewell/gen-mapping/-/gen-mapping-0.3.13.tgz 11891ms (cache miss)
1353 http fetch GET 200 https://registry.npmjs.org/@eslint/plugin-kit/-/plugin-kit-0.4.1.tgz 12004ms (cache miss)
1354 http fetch GET 200 https://registry.npmjs.org/@jridgewell/resolve-uri/-/resolve-uri-3.1.2.tgz 12038ms (cache miss)
1355 http fetch GET 200 https://registry.npmjs.org/@eslint/object-schema/-/object-schema-2.1.7.tgz 12038ms (cache miss)
1356 http fetch GET 200 https://registry.npmjs.org/@babel/helpers/-/helpers-7.28.6.tgz 12119ms (cache miss)
1357 http fetch GET 200 https://registry.npmjs.org/ajv/-/ajv-6.12.6.tgz 12194ms (cache miss)
1358 http fetch GET 200 https://registry.npmjs.org/@eslint/core/-/core-0.17.0.tgz 12196ms (cache miss)
1359 http fetch GET 200 https://registry.npmjs.org/minimatch/-/minimatch-9.0.5.tgz 12197ms (cache miss)
1360 http fetch GET 200 https://registry.npmjs.org/@babel/generator/-/generator-7.29.1.tgz 12198ms (cache miss)
1361 http fetch GET 200 https://registry.npmjs.org/js-yaml/-/js-yaml-4.1.1.tgz 12241ms (cache miss)
1362 http fetch GET 200 https://registry.npmjs.org/tsconfig-paths/-/tsconfig-paths-3.15.0.tgz 12197ms (cache miss)
1363 http fetch GET 200 https://registry.npmjs.org/@eslint/config-helpers/-/config-helpers-0.4.2.tgz 12305ms (cache miss)
1364 http fetch GET 200 https://registry.npmjs.org/fast-glob/-/fast-glob-3.3.1.tgz 12222ms (cache miss)
1365 http fetch GET 200 https://registry.npmjs.org/jsx-ast-utils/-/jsx-ast-utils-3.3.5.tgz 12256ms (cache miss)
1366 http fetch GET 200 https://registry.npmjs.org/caniuse-lite/-/caniuse-lite-1.0.30001770.tgz 12351ms (cache miss)
1367 http fetch GET 200 https://registry.npmjs.org/uri-js/-/uri-js-4.4.1.tgz 12356ms (cache miss)
1368 http fetch GET 200 https://registry.npmjs.org/aria-query/-/aria-query-5.3.2.tgz 12367ms (cache miss)
1369 http fetch GET 200 https://registry.npmjs.org/axobject-query/-/axobject-query-4.1.0.tgz 12436ms (cache miss)
1370 http fetch GET 200 https://registry.npmjs.org/@babel/traverse/-/traverse-7.29.0.tgz 12437ms (cache miss)
1371 http fetch GET 200 https://registry.npmjs.org/@tybys/wasm-util/-/wasm-util-0.10.1.tgz 12585ms (cache miss)
1372 http fetch GET 200 https://registry.npmjs.org/resolve/-/resolve-1.22.11.tgz 12553ms (cache miss)
1373 http fetch GET 200 https://registry.npmjs.org/resolve/-/resolve-2.0.0-next.6.tgz 12566ms (cache miss)
1374 http fetch GET 200 https://registry.npmjs.org/@eslint/config-array/-/config-array-0.21.1.tgz 12988ms (cache miss)
1375 http fetch GET 200 https://registry.npmjs.org/eslint-plugin-jsx-a11y/-/eslint-plugin-jsx-a11y-6.10.2.tgz 12942ms (cache miss)
1376 http fetch GET 200 https://registry.npmjs.org/@babel/core/-/core-7.29.0.tgz 13036ms (cache miss)
1377 http fetch GET 200 https://registry.npmjs.org/@eslint%2feslintrc 2070ms (cache miss)
1378 silly packumentCache corgi:https://registry.npmjs.org/@eslint%2feslintrc set size:undefined disposed:false
1379 http fetch GET 200 https://registry.npmjs.org/eslint 2305ms (cache miss)
1380 silly packumentCache corgi:https://registry.npmjs.org/eslint set size:undefined disposed:false
1381 silly packumentCache corgi:https://registry.npmjs.org/@eslint-community%2feslint-utils cache-miss
1382 silly packumentCache corgi:https://registry.npmjs.org/@typescript-eslint%2feslint-plugin cache-miss
1383 silly packumentCache corgi:https://registry.npmjs.org/@typescript-eslint%2fparser cache-miss
1384 silly packumentCache corgi:https://registry.npmjs.org/@typescript-eslint%2ftype-utils cache-miss
1385 silly packumentCache corgi:https://registry.npmjs.org/@typescript-eslint%2futils cache-miss
1386 silly packumentCache corgi:https://registry.npmjs.org/eslint-config-next cache-miss
1387 silly packumentCache corgi:https://registry.npmjs.org/eslint-import-resolver-typescript cache-miss
1388 silly packumentCache corgi:https://registry.npmjs.org/eslint-plugin-import cache-miss
1389 silly packumentCache corgi:https://registry.npmjs.org/eslint-plugin-jsx-a11y cache-miss
1390 silly packumentCache corgi:https://registry.npmjs.org/eslint-plugin-react cache-miss
1391 silly packumentCache corgi:https://registry.npmjs.org/eslint-plugin-react-hooks cache-miss
1392 silly packumentCache corgi:https://registry.npmjs.org/typescript-eslint cache-miss
1393 http fetch GET 200 https://registry.npmjs.org/@babel/types/-/types-7.29.0.tgz 13602ms (cache miss)
1394 http fetch GET 200 https://registry.npmjs.org/eslint-import-resolver-typescript 507ms (cache miss)
1395 silly packumentCache corgi:https://registry.npmjs.org/eslint-import-resolver-typescript set size:undefined disposed:false
1396 http fetch GET 200 https://registry.npmjs.org/@eslint-community%2feslint-utils 584ms (cache miss)
1397 silly packumentCache corgi:https://registry.npmjs.org/@eslint-community%2feslint-utils set size:undefined disposed:false
1398 http fetch GET 200 https://registry.npmjs.org/eslint-plugin-import 1357ms (cache miss)
1399 silly packumentCache corgi:https://registry.npmjs.org/eslint-plugin-import set size:undefined disposed:false
1400 http fetch GET 200 https://registry.npmjs.org/eslint-plugin-jsx-a11y 1475ms (cache miss)
1401 silly packumentCache corgi:https://registry.npmjs.org/eslint-plugin-jsx-a11y set size:undefined disposed:false
1402 http fetch GET 200 https://registry.npmjs.org/zod/-/zod-4.3.6.tgz 14739ms (cache miss)
1403 http fetch GET 200 https://registry.npmjs.org/eslint-plugin-react 2082ms (cache miss)
1404 silly packumentCache corgi:https://registry.npmjs.org/eslint-plugin-react set size:undefined disposed:false
1405 http fetch GET 200 https://registry.npmjs.org/typescript-eslint 2651ms (cache miss)
1406 silly packumentCache corgi:https://registry.npmjs.org/typescript-eslint set size:undefined disposed:false
1407 http fetch GET 200 https://registry.npmjs.org/eslint-config-next 3417ms (cache miss)
1408 silly packumentCache corgi:https://registry.npmjs.org/eslint-config-next set size:undefined disposed:false
1409 http fetch GET 200 https://registry.npmjs.org/eslint/-/eslint-9.39.2.tgz 17239ms (cache miss)
1410 http fetch GET 200 https://registry.npmjs.org/lightningcss-darwin-arm64/-/lightningcss-darwin-arm64-1.30.2.tgz 17907ms (cache miss)
1411 http fetch GET 200 https://registry.npmjs.org/eslint-plugin-react-hooks 4758ms (cache miss)
1412 silly packumentCache corgi:https://registry.npmjs.org/eslint-plugin-react-hooks set size:undefined disposed:false
1413 http fetch GET 200 https://registry.npmjs.org/@typescript-eslint%2futils 5502ms (cache miss)
1414 silly packumentCache corgi:https://registry.npmjs.org/@typescript-eslint%2futils set size:undefined disposed:false
1415 http fetch GET 200 https://registry.npmjs.org/@typescript-eslint%2fparser 9045ms (cache miss)
1416 silly packumentCache corgi:https://registry.npmjs.org/@typescript-eslint%2fparser set size:undefined disposed:false
1417 http fetch GET 200 https://registry.npmjs.org/@typescript-eslint%2ftype-utils 9216ms (cache miss)
1418 silly packumentCache corgi:https://registry.npmjs.org/@typescript-eslint%2ftype-utils set size:undefined disposed:false
1419 http fetch GET 200 https://registry.npmjs.org/@typescript-eslint%2feslint-plugin 11374ms (cache miss)
1420 silly packumentCache corgi:https://registry.npmjs.org/@typescript-eslint%2feslint-plugin set size:undefined disposed:false
1421 http fetch GET 200 https://registry.npmjs.org/typescript/-/typescript-5.9.3.tgz 33247ms (cache miss)
1422 http fetch GET 200 https://registry.npmjs.org/@img/sharp-libvips-darwin-arm64/-/sharp-libvips-darwin-arm64-1.2.4.tgz 36009ms (cache miss)
1423 http fetch GET 200 https://registry.npmjs.org/@next/swc-darwin-arm64/-/swc-darwin-arm64-16.1.6.tgz 63749ms (cache miss)
1424 http fetch GET 200 https://registry.npmjs.org/next/-/next-16.1.6.tgz 78438ms (cache miss)
1425 verbose stack Error: EPERM: operation not permitted, unlink '/Users/shanjaay/OnlineMovieDownloaderMP4/node_modules/typescript-eslint/dist/tsconfig.build.tsbuildinfo'
1426 error code EPERM
1427 error syscall unlink
1428 error path /Users/shanjaay/OnlineMovieDownloaderMP4/node_modules/typescript-eslint/dist/tsconfig.build.tsbuildinfo
1429 error errno -1
1430 error [Error: EPERM: operation not permitted, unlink '/Users/shanjaay/OnlineMovieDownloaderMP4/node_modules/typescript-eslint/dist/tsconfig.build.tsbuildinfo'] {
1430 error   errno: -1,
1430 error   code: 'EPERM',
1430 error   syscall: 'unlink',
1430 error   path: '/Users/shanjaay/OnlineMovieDownloaderMP4/node_modules/typescript-eslint/dist/tsconfig.build.tsbuildinfo'
1430 error }
1431 error
1431 error The operation was rejected by your operating system.
1431 error It is likely you do not have the permissions to access this file as the current user
1431 error
1431 error If you believe this might be a permissions issue, please double-check the
1431 error permissions of the file and its containing directories, or try running
1431 error the command again as root/Administrator.
1432 silly unfinished npm timer reify 1771412055537
1433 silly unfinished npm timer reify:unpack 1771412065372
1434 silly unfinished npm timer reifyNode:node_modules/typescript-eslint 1771412065372
1435 silly unfinished npm timer reifyNode:node_modules/@typescript-eslint/visitor-keys 1771412065373
1436 silly unfinished npm timer reifyNode:node_modules/@typescript-eslint/utils 1771412065373
1437 silly unfinished npm timer reifyNode:node_modules/@typescript-eslint/typescript-estree 1771412065373
1438 silly unfinished npm timer reifyNode:node_modules/@typescript-eslint/types 1771412065373
1439 silly unfinished npm timer reifyNode:node_modules/@typescript-eslint/type-utils 1771412065373
1440 silly unfinished npm timer reifyNode:node_modules/@typescript-eslint/tsconfig-utils 1771412065373
1441 silly unfinished npm timer reifyNode:node_modules/@typescript-eslint/scope-manager 1771412065373
1442 silly unfinished npm timer reifyNode:node_modules/@typescript-eslint/project-service 1771412065373
1443 silly unfinished npm timer reifyNode:node_modules/@typescript-eslint/parser 1771412065373
1444 silly unfinished npm timer reifyNode:node_modules/@typescript-eslint/eslint-plugin 1771412065373
1445 verbose cwd /Users/shanjaay/OnlineMovieDownloaderMP4
1446 verbose os Darwin 25.3.0
1447 verbose node v25.3.0
1448 verbose npm  v11.6.2
1449 notice
1449 notice New minor version of npm available! 11.6.2 -> 11.10.0
1449 notice Changelog: https://github.com/npm/cli/releases/tag/v11.10.0
1449 notice To update run: npm install -g npm@11.10.0
1449 notice  { force: true, Symbol(proc-log.meta): true }
1450 verbose exit -1
1451 verbose code -1
1452 error A complete log of this run can be found in: /Users/shanjaay/OnlineMovieDownloaderMP4/.npm-cache/_logs/2026-02-18T10_54_15_443Z-debug-0.log
